App Name,Ad Name,Start Date,End Date,Time Zone,Currency,Keyword,Match Type,Status,Bid,Impressions,Clicks,Click Through Rate,Installs,Install Rate,Cost Per Click,Cost Per Install,Spend,Average Position,Visibility,Customers,Revenue,Return On Spend,Cost Per Customer,Conversion Rate,Campaign,_snap,_date,kw,mt
Judge.me Product Reviews App,Search_EN_BrandProtection_2024.10.08,2026-01-16,2026-04-15,UTC,USD,judge me,exact,active,0.2,6804,198,0.0291,121,0.611111,0.2,0.327272,39.6,2.992945,0.851777,6.0,151.35,3.821969,6.6,0.049586,BrandProtection,Apr15,2026-04-15,judge me,exact
Judge.me Product Reviews App,Search_EN_BrandProtection_2024.10.08,2026-01-16,2026-04-15,UTC,USD,judge,exact,active,0.2,2702,244,0.090303,188,0.770491,0.199999,0.259574,48.8,1.870096,0.912837,2.0,60.22,1.234016,24.4,0.010638,BrandProtection,Apr15,2026-04-15,judge,exact
Judge.me Product Reviews App,Search_EN_BrandProtection_2024.10.08,2026-01-16,2026-04-15,UTC,USD,judge me reviews,exact,active,0.3,562,19,0.033807,14,0.736842,0.3,0.407142,5.7,3.153024,0.381793,1.0,15.0,2.631578,5.7,0.071428,BrandProtection,Apr15,2026-04-15,judge me reviews,exact
Judge.me Product Reviews App,Search_EN_BrandProtection_2024.10.08,2026-01-16,2026-04-15,UTC,USD,judge.me product reviews,exact,active,0.3,229,8,0.034934,7,0.875,0.3,0.342857,2.4,3.716157,0.09219,,,,,,BrandProtection,Apr15,2026-04-15,judge.me product reviews,exact
Judge.me Product Reviews App,Search_EN_Features_2024.08.19,2026-01-16,2026-04-15,UTC,USD,amazon reviews importer,broad,active,5.0,12496,839,0.067141,619,0.737783,5.0,6.777059,4195.0,2.697983,0.251839,10.0,210.9,0.050274,419.5,0.016155,Features,Apr15,2026-04-15,amazon reviews importer,broad
Judge.me Product Reviews App,Search_EN_Features_2024.08.19,2026-01-16,2026-04-15,UTC,USD,etsy importer,broad,active,5.0,5344,258,0.048278,171,0.66279,5.0,7.543859,1290.0,2.459393,0.178281,6.0,120.89,0.093713,215.0,0.035087,Features,Apr15,2026-04-15,etsy importer,broad
Judge.me Product Reviews App,Search_EN_Features_2024.08.19,2026-01-16,2026-04-15,UTC,USD,carousel,broad,active,6.0,1699,42,0.02472,15,0.357142,6.0,16.8,252.0,1.972925,0.506408,,,,,,Features,Apr15,2026-04-15,carousel,broad
Judge.me Product Reviews App,Search_EN_Features_2024.08.19,2026-01-16,2026-04-15,UTC,USD,ugc,broad,active,7.0,1448,38,0.026243,11,0.289473,7.0,24.181818,266.0,2.658839,0.455919,,,,,,Features,Apr15,2026-04-15,ugc,broad
Judge.me Product Reviews App,Search_EN_Features_2024.08.19,2026-01-16,2026-04-15,UTC,USD,amazon reviews,exact,active,4.0,914,92,0.100656,57,0.619565,3.173913,5.122807,292.0,1.725382,0.900492,2.0,60.46,0.207054,146.0,0.035087,Features,Apr15,2026-04-15,amazon reviews,exact
Judge.me Product Reviews App,Search_EN_Features_2024.08.19,2026-01-16,2026-04-15,UTC,USD,reviews importer,exact,active,4.0,811,124,0.152897,88,0.709677,3.664516,5.163636,454.4,1.44143,0.971257,2.0,45.0,0.099031,227.2,0.022727,Features,Apr15,2026-04-15,reviews importer,exact
Judge.me Product Reviews App,Search_EN_Features_2024.08.19,2026-01-16,2026-04-15,UTC,USD,review importer,exact,active,4.5,646,90,0.139318,76,0.844444,4.17,4.938157,375.3,1.204334,0.955621,2.0,30.22,0.080522,187.65,0.026315,Features,Apr15,2026-04-15,review importer,exact
Judge.me Product Reviews App,Search_EN_Features_2024.08.19,2026-01-16,2026-04-15,UTC,USD,aliexpress reviews,exact,active,4.0,513,16,0.031189,13,0.8125,4.0,4.923076,64.0,3.040935,0.907964,,,,,,Features,Apr15,2026-04-15,aliexpress reviews,exact
Judge.me Product Reviews App,Search_EN_Features_2024.08.19,2026-01-16,2026-04-15,UTC,USD,review carousel,broad,paused,3.5,276,5,0.018115,1,0.2,3.5,17.5,17.5,2.583333,0.306666,,,,,,Features,Apr15,2026-04-15,review carousel,broad
Judge.me Product Reviews App,Search_EN_Features_2024.08.19,2026-01-16,2026-04-15,UTC,USD,referrals,broad,active,4.0,254,4,0.015748,2,0.5,4.0,8.0,16.0,3.47244,0.072159,,,,,,Features,Apr15,2026-04-15,referrals,broad
Judge.me Product Reviews App,Search_EN_Features_2024.08.19,2026-01-16,2026-04-15,UTC,USD,rich snippet,broad,paused,5.0,223,4,0.017937,1,0.25,5.0,20.0,20.0,1.766816,0.582245,,,,,,Features,Apr15,2026-04-15,rich snippet,broad
Judge.me Product Reviews App,Search_EN_Features_2024.08.19,2026-01-16,2026-04-15,UTC,USD,q&a,broad,paused,6.0,197,5,0.02538,1,0.2,6.0,30.0,30.0,1.487309,0.562857,,,,,,Features,Apr15,2026-04-15,q&a,broad
Judge.me Product Reviews App,Search_EN_Features_2024.08.19,2026-01-16,2026-04-15,UTC,USD,coupons,broad,active,2.0,131,1,0.007633,1,1.0,2.0,2.0,2.0,4.503816,0.056271,,,,,,Features,Apr15,2026-04-15,coupons,broad
Judge.me Product Reviews App,Search_EN_Features_2024.08.19,2026-01-16,2026-04-15,UTC,USD,question,broad,paused,5.0,43,1,0.023255,0,0.0,5.0,0.0,5.0,1.767441,0.934782,,,,,,Features,Apr15,2026-04-15,question,broad
Judge.me Product Reviews App,Search_EN_Features_2024.08.19,2026-01-16,2026-04-15,UTC,USD,ucg,broad,active,4.0,18,0,0.0,0,0.0,0.0,0.0,0.0,1.333333,0.545454,,,,,,Features,Apr15,2026-04-15,ucg,broad
Judge.me Product Reviews App,Search_EN_Features_2024.08.19,2026-01-16,2026-04-15,UTC,USD,judge me q,exact,active,1.0,0,0,0.0,0,0.0,0.0,0.0,0.0,0.0,0.0,,,,,,Features,Apr15,2026-04-15,judge me q,exact
Judge.me Product Reviews App,Search_EN_Features_2024.08.19,2026-01-16,2026-04-15,UTC,USD,loox photo carousel,exact,active,1.0,0,0,0.0,0,0.0,0.0,0.0,0.0,0.0,0.0,,,,,,Features,Apr15,2026-04-15,loox photo carousel,exact
Judge.me Product Reviews App,Search_EN_Features_2024.08.19,2026-01-16,2026-04-15,UTC,USD,testimonials carousel,exact,active,1.0,0,0,0.0,0,0.0,0.0,0.0,0.0,0.0,0.0,,,,,,Features,Apr15,2026-04-15,testimonials carousel,exact
Judge.me Product Reviews App,Search_EN_Features_2024.08.19,2026-01-16,2026-04-15,UTC,USD,review syndication,exact,active,4.0,0,0,0.0,0,0.0,0.0,0.0,0.0,0.0,0.0,,,,,,Features,Apr15,2026-04-15,review syndication,exact
Judge.me Product Reviews App,Search_EN_Features_2024.08.19,2026-01-16,2026-04-15,UTC,USD,ebay reviews importer,exact,active,4.0,0,0,0.0,0,0.0,0.0,0.0,0.0,0.0,0.0,,,,,,Features,Apr15,2026-04-15,ebay reviews importer,exact
Judge.me Product Reviews App,Search_EN_Features_2024.08.19,2026-01-16,2026-04-15,UTC,USD,google shopping reviews,exact,active,4.0,0,0,0.0,0,0.0,0.0,0.0,0.0,0.0,0.0,,,,,,Features,Apr15,2026-04-15,google shopping reviews,exact
Judge.me Product Reviews App,Search_EN_Features_2024.08.19,2026-01-16,2026-04-15,UTC,USD,review request email,exact,active,3.5,0,0,0.0,0,0.0,0.0,0.0,0.0,0.0,0.0,,,,,,Features,Apr15,2026-04-15,review request email,exact
Judge.me Product Reviews App,Search_EN_Features_2024.08.19,2026-01-16,2026-04-15,UTC,USD,google reviews,exact,active,4.0,0,0,0.0,0,0.0,0.0,0.0,0.0,0.0,0.0,,,,,,Features,Apr15,2026-04-15,google reviews,exact
Judge.me Product Reviews App,Search_EN_Features_2024.08.19,2026-01-16,2026-04-15,UTC,USD,etsy reviews importer,broad,active,1.0,0,0,0.0,0,0.0,0.0,0.0,0.0,0.0,0.0,,,,,,Features,Apr15,2026-04-15,etsy reviews importer,broad
Judge.me Product Reviews App,Search_EN_Features_2024.08.19,2026-01-16,2026-04-15,UTC,USD,amazon importer,broad,paused,5.0,0,0,0.0,0,0.0,0.0,0.0,0.0,0.0,0.0,,,,,,Features,Apr15,2026-04-15,amazon importer,broad
Judge.me Product Reviews App,Search_EN_Features_2024.08.19,2026-01-16,2026-04-15,UTC,USD,import etsy,broad,active,1.0,0,0,0.0,0,0.0,0.0,0.0,0.0,0.0,0.0,,,,,,Features,Apr15,2026-04-15,import etsy,broad
Judge.me Product Reviews App,Search_EN_Features_2024.08.19,2026-01-16,2026-04-15,UTC,USD,import amazon,broad,active,1.0,0,0,0.0,0,0.0,0.0,0.0,0.0,0.0,0.0,,,,,,Features,Apr15,2026-04-15,import amazon,broad
Judge.me Product Reviews App,Search_EN_Features_2024.08.19,2026-01-16,2026-04-15,UTC,USD,coupon,broad,active,2.0,0,0,0.0,0,0.0,0.0,0.0,0.0,0.0,0.0,,,,,,Features,Apr15,2026-04-15,coupon,broad
Judge.me Product Reviews App,Search_EN_Features_2024.08.19,2026-01-16,2026-04-15,UTC,USD,referral,broad,active,4.0,0,0,0.0,0,0.0,0.0,0.0,0.0,0.0,0.0,,,,,,Features,Apr15,2026-04-15,referral,broad
Judge.me Product Reviews App,Search_EN_Competitors_2024.08.12,2026-01-16,2026-04-15,UTC,USD,loox,exact,active,3.0,7580,346,0.045646,234,0.6763,3.0,4.435897,1038.0,1.059102,0.949398,9.0,226.58,0.218285,115.333333,0.038461,Competitors,Apr15,2026-04-15,loox,exact
Judge.me Product Reviews App,Search_EN_Competitors_2024.08.12,2026-01-16,2026-04-15,UTC,USD,trustoo,exact,active,2.5,5807,149,0.025658,111,0.744966,2.5,3.355855,372.5,2.15068,0.958567,,,,,,Competitors,Apr15,2026-04-15,trustoo,exact
Judge.me Product Reviews App,Search_EN_Competitors_2024.08.12,2026-01-16,2026-04-15,UTC,USD,trustpilot,exact,active,2.5,3267,185,0.056626,100,0.54054,2.5,4.625,462.5,1.270278,0.945859,7.0,137.05,0.296324,66.071428,0.07,Competitors,Apr15,2026-04-15,trustpilot,exact
Judge.me Product Reviews App,Search_EN_Competitors_2024.08.12,2026-01-16,2026-04-15,UTC,USD,trustoo.io reviews,exact,active,3.0,2078,36,0.017324,27,0.75,3.0,4.0,108.0,2.303657,0.929753,,,,,,Competitors,Apr15,2026-04-15,trustoo.io reviews,exact
Judge.me Product Reviews App,Search_EN_Competitors_2024.08.12,2026-01-16,2026-04-15,UTC,USD,trustoo reviews,exact,active,3.0,1193,34,0.028499,28,0.823529,2.794117,3.392857,95.0,1.70243,0.901738,1.0,15.22,0.16021,95.0,0.035714,Competitors,Apr15,2026-04-15,trustoo reviews,exact
Judge.me Product Reviews App,Search_EN_Competitors_2024.08.12,2026-01-16,2026-04-15,UTC,USD,okendo,exact,active,5.0,1081,45,0.041628,22,0.488888,4.5,9.204545,202.5,1.185013,0.919217,2.0,45.0,0.222222,101.25,0.090909,Competitors,Apr15,2026-04-15,okendo,exact
Judge.me Product Reviews App,Search_EN_Competitors_2024.08.12,2026-01-16,2026-04-15,UTC,USD,loox reviews,exact,active,4.5,968,48,0.049586,29,0.604166,4.1875,6.931034,201.0,1.101239,0.940719,1.0,15.0,0.074626,201.0,0.034482,Competitors,Apr15,2026-04-15,loox reviews,exact
Judge.me Product Reviews App,Search_EN_Competitors_2024.08.12,2026-01-16,2026-04-15,UTC,USD,loox review,exact,active,3.0,751,41,0.054593,30,0.731707,2.292682,3.133333,94.0,1.178428,0.95547,2.0,30.23,0.321595,47.0,0.066666,Competitors,Apr15,2026-04-15,loox review,exact
Judge.me Product Reviews App,Search_EN_Competitors_2024.08.12,2026-01-16,2026-04-15,UTC,USD,loox,broad,active,3.5,680,31,0.045588,23,0.741935,3.5,4.717391,108.5,1.407352,0.762331,3.0,75.0,0.691244,36.166666,0.130434,Competitors,Apr15,2026-04-15,loox,broad
Judge.me Product Reviews App,Search_EN_Competitors_2024.08.12,2026-01-16,2026-04-15,UTC,USD,yotpo reviews,exact,active,3.5,389,5,0.012853,3,0.6,3.2,5.333333,16.0,2.760925,0.587613,,,,,,Competitors,Apr15,2026-04-15,yotpo reviews,exact
Judge.me Product Reviews App,Search_EN_Competitors_2024.08.12,2026-01-16,2026-04-15,UTC,USD,klaviyo reviews,exact,active,2.0,279,5,0.017921,4,0.8,2.0,2.5,10.0,2.946236,0.452922,,,,,,Competitors,Apr15,2026-04-15,klaviyo reviews,exact
Judge.me Product Reviews App,Search_EN_Competitors_2024.08.12,2026-01-16,2026-04-15,UTC,USD,stamped.io,exact,active,3.0,247,7,0.02834,4,0.571428,3.0,5.25,21.0,2.307692,0.942748,,,,,,Competitors,Apr15,2026-04-15,stamped.io,exact
Judge.me Product Reviews App,Search_EN_Competitors_2024.08.12,2026-01-16,2026-04-15,UTC,USD,rivo reviews,exact,active,3.0,196,9,0.045918,8,0.888888,2.666666,3.0,24.0,1.938775,0.903225,,,,,,Competitors,Apr15,2026-04-15,rivo reviews,exact
Judge.me Product Reviews App,Search_EN_Competitors_2024.08.12,2026-01-16,2026-04-15,UTC,USD,loox - photo reviews,exact,active,3.0,71,3,0.042253,2,0.666666,2.333333,3.5,7.0,3.140845,0.449367,,,,,,Competitors,Apr15,2026-04-15,loox - photo reviews,exact
Judge.me Product Reviews App,Search_EN_Competitors_2024.08.12,2026-01-16,2026-04-15,UTC,USD,trustpilot,broad,active,2.0,66,2,0.030303,1,0.5,2.0,4.0,4.0,1.969696,0.507692,,,,,,Competitors,Apr15,2026-04-15,trustpilot,broad
Judge.me Product Reviews App,Search_EN_Competitors_2024.08.12,2026-01-16,2026-04-15,UTC,USD,tydal reviews,exact,active,2.0,14,0,0.0,0,0.0,0.0,0.0,0.0,2.785714,0.033492,,,,,,Competitors,Apr15,2026-04-15,tydal reviews,exact
Judge.me Product Reviews App,Search_EN_Competitors_2024.08.12,2026-01-16,2026-04-15,UTC,USD,stamped reviews,exact,active,3.0,6,0,0.0,0,0.0,0.0,0.0,0.0,3.166666,0.1875,,,,,,Competitors,Apr15,2026-04-15,stamped reviews,exact
Judge.me Product Reviews App,Search_EN_Competitors_2024.08.12,2026-01-16,2026-04-15,UTC,USD,trustpilot reviews,exact,active,1.0,6,0,0.0,0,0.0,0.0,0.0,0.0,4.833333,0.031578,,,,,,Competitors,Apr15,2026-04-15,trustpilot reviews,exact
Judge.me Product Reviews App,Search_EN_Competitors_2024.08.12,2026-01-16,2026-04-15,UTC,USD,tydal review,exact,active,2.0,6,1,0.166666,1,1.0,2.0,2.0,2.0,2.5,0.230769,,,,,,Competitors,Apr15,2026-04-15,tydal review,exact
Judge.me Product Reviews App,Search_EN_Competitors_2024.08.12,2026-01-16,2026-04-15,UTC,USD,reviews io,exact,active,2.0,4,0,0.0,0,0.0,0.0,0.0,0.0,6.25,0.032258,,,,,,Competitors,Apr15,2026-04-15,reviews io,exact
Judge.me Product Reviews App,Search_EN_Competitors_2024.08.12,2026-01-16,2026-04-15,UTC,USD,loox product reviews,exact,active,3.0,3,0,0.0,0,0.0,0.0,0.0,0.0,2.666666,0.029126,,,,,,Competitors,Apr15,2026-04-15,loox product reviews,exact
Judge.me Product Reviews App,Search_EN_Competitors_2024.08.12,2026-01-16,2026-04-15,UTC,USD,yotpo review,exact,active,2.0,2,0,0.0,0,0.0,0.0,0.0,0.0,4.0,0.033333,,,,,,Competitors,Apr15,2026-04-15,yotpo review,exact
Judge.me Product Reviews App,Search_EN_Competitors_2024.08.12,2026-01-16,2026-04-15,UTC,USD,trusto reviews,exact,active,1.0,1,0,0.0,0,0.0,0.0,0.0,0.0,3.0,0.05,,,,,,Competitors,Apr15,2026-04-15,trusto reviews,exact
Judge.me Product Reviews App,Search_EN_Competitors_2024.08.12,2026-01-16,2026-04-15,UTC,USD,vitals reviews,exact,active,2.5,0,0,0.0,0,0.0,0.0,0.0,0.0,0.0,0.0,,,,,,Competitors,Apr15,2026-04-15,vitals reviews,exact
Judge.me Product Reviews App,Search_EN_Competitors_2024.08.12,2026-01-16,2026-04-15,UTC,USD,growave reviews,exact,active,2.5,0,0,0.0,0,0.0,0.0,0.0,0.0,0.0,0.0,,,,,,Competitors,Apr15,2026-04-15,growave reviews,exact
Judge.me Product Reviews App,Search_EN_Competitors_2024.08.12,2026-01-16,2026-04-15,UTC,USD,fera reviews,exact,active,2.5,0,0,0.0,0,0.0,0.0,0.0,0.0,0.0,0.0,,,,,,Competitors,Apr15,2026-04-15,fera reviews,exact
Judge.me Product Reviews App,Search_EN_Competitors_2024.08.12,2026-01-16,2026-04-15,UTC,USD,rivo reviews & ugc,exact,active,1.0,0,0,0.0,0,0.0,0.0,0.0,0.0,0.0,0.0,,,,,,Competitors,Apr15,2026-04-15,rivo reviews & ugc,exact
Judge.me Product Reviews App,Search_EN_Competitors_2024.08.12,2026-01-16,2026-04-15,UTC,USD,rivo product reviews app & ugc,exact,active,1.0,0,0,0.0,0,0.0,0.0,0.0,0.0,0.0,0.0,,,,,,Competitors,Apr15,2026-04-15,rivo product reviews app & ugc,exact
Judge.me Product Reviews App,Search_EN_Competitors_2024.08.12,2026-01-16,2026-04-15,UTC,USD,loox photo reviews,exact,active,3.0,0,0,0.0,0,0.0,0.0,0.0,0.0,0.0,0.0,,,,,,Competitors,Apr15,2026-04-15,loox photo reviews,exact
Judge.me Product Reviews App,Search_EN_Competitors_2024.08.12,2026-01-16,2026-04-15,UTC,USD,loox product reviews & photo,exact,active,1.0,0,0,0.0,0,0.0,0.0,0.0,0.0,0.0,0.0,,,,,,Competitors,Apr15,2026-04-15,loox product reviews & photo,exact
Judge.me Product Reviews App,Search_EN_Competitors_2024.08.12,2026-01-16,2026-04-15,UTC,USD,loox product reviews & photos,exact,active,2.0,0,0,0.0,0,0.0,0.0,0.0,0.0,0.0,0.0,,,,,,Competitors,Apr15,2026-04-15,loox product reviews & photos,exact
Judge.me Product Reviews App,Search_EN_Competitors_2024.08.12,2026-01-16,2026-04-15,UTC,USD,loox- product review app,exact,active,1.0,0,0,0.0,0,0.0,0.0,0.0,0.0,0.0,0.0,,,,,,Competitors,Apr15,2026-04-15,loox- product review app,exact
Judge.me Product Reviews App,Search_EN_Competitors_2024.08.12,2026-01-16,2026-04-15,UTC,USD,lukes reviews,exact,active,1.0,0,0,0.0,0,0.0,0.0,0.0,0.0,0.0,0.0,,,,,,Competitors,Apr15,2026-04-15,lukes reviews,exact
Judge.me Product Reviews App,Search_EN_Competitors_2024.08.12,2026-01-16,2026-04-15,UTC,USD,lux reviews,exact,active,1.0,0,0,0.0,0,0.0,0.0,0.0,0.0,0.0,0.0,,,,,,Competitors,Apr15,2026-04-15,lux reviews,exact
Judge.me Product Reviews App,Search_EN_Competitors_2024.08.12,2026-01-16,2026-04-15,UTC,USD,okendo review,exact,active,2.0,0,0,0.0,0,0.0,0.0,0.0,0.0,0.0,0.0,,,,,,Competitors,Apr15,2026-04-15,okendo review,exact
Judge.me Product Reviews App,Search_EN_Competitors_2024.08.12,2026-01-16,2026-04-15,UTC,USD,okendo reviews,exact,active,1.0,0,0,0.0,0,0.0,0.0,0.0,0.0,0.0,0.0,,,,,,Competitors,Apr15,2026-04-15,okendo reviews,exact
Judge.me Product Reviews App,Search_EN_Competitors_2024.08.12,2026-01-16,2026-04-15,UTC,USD,okendo: reviews,exact,active,1.0,0,0,0.0,0,0.0,0.0,0.0,0.0,0.0,0.0,,,,,,Competitors,Apr15,2026-04-15,okendo: reviews,exact
Judge.me Product Reviews App,Search_EN_Competitors_2024.08.12,2026-01-16,2026-04-15,UTC,USD,reviews io.,exact,active,1.0,0,0,0.0,0,0.0,0.0,0.0,0.0,0.0,0.0,,,,,,Competitors,Apr15,2026-04-15,reviews io.,exact
Judge.me Product Reviews App,Search_EN_Competitors_2024.08.12,2026-01-16,2026-04-15,UTC,USD,ryvio reviews,exact,active,1.0,0,0,0.0,0,0.0,0.0,0.0,0.0,0.0,0.0,,,,,,Competitors,Apr15,2026-04-15,ryvio reviews,exact
Judge.me Product Reviews App,Search_EN_Competitors_2024.08.12,2026-01-16,2026-04-15,UTC,USD,ryviu - product reviews,exact,active,1.0,0,0,0.0,0,0.0,0.0,0.0,0.0,0.0,0.0,,,,,,Competitors,Apr15,2026-04-15,ryviu - product reviews,exact
Judge.me Product Reviews App,Search_EN_Competitors_2024.08.12,2026-01-16,2026-04-15,UTC,USD,ryviu aliexpress review importer,exact,active,1.0,0,0,0.0,0,0.0,0.0,0.0,0.0,0.0,0.0,,,,,,Competitors,Apr15,2026-04-15,ryviu aliexpress review importer,exact
Judge.me Product Reviews App,Search_EN_Competitors_2024.08.12,2026-01-16,2026-04-15,UTC,USD,ryviu- prouduct review,exact,active,1.0,0,0,0.0,0,0.0,0.0,0.0,0.0,0.0,0.0,,,,,,Competitors,Apr15,2026-04-15,ryviu- prouduct review,exact
Judge.me Product Reviews App,Search_EN_Competitors_2024.08.12,2026-01-16,2026-04-15,UTC,USD,ryviu: aliexpress reviews app,exact,active,1.0,0,0,0.0,0,0.0,0.0,0.0,0.0,0.0,0.0,,,,,,Competitors,Apr15,2026-04-15,ryviu: aliexpress reviews app,exact
Judge.me Product Reviews App,Search_EN_Competitors_2024.08.12,2026-01-16,2026-04-15,UTC,USD,ryviu: product reviews,exact,active,1.0,0,0,0.0,0,0.0,0.0,0.0,0.0,0.0,0.0,,,,,,Competitors,Apr15,2026-04-15,ryviu: product reviews,exact
Judge.me Product Reviews App,Search_EN_Competitors_2024.08.12,2026-01-16,2026-04-15,UTC,USD,ryviu: product reviews & qa,exact,active,1.0,0,0,0.0,0,0.0,0.0,0.0,0.0,0.0,0.0,,,,,,Competitors,Apr15,2026-04-15,ryviu: product reviews & qa,exact
Judge.me Product Reviews App,Search_EN_Competitors_2024.08.12,2026-01-16,2026-04-15,UTC,USD,ryviu: reviews,exact,active,1.0,0,0,0.0,0,0.0,0.0,0.0,0.0,0.0,0.0,,,,,,Competitors,Apr15,2026-04-15,ryviu: reviews,exact
Judge.me Product Reviews App,Search_EN_Competitors_2024.08.12,2026-01-16,2026-04-15,UTC,USD,ryviu: reviews & q,exact,active,1.0,0,0,0.0,0,0.0,0.0,0.0,0.0,0.0,0.0,,,,,,Competitors,Apr15,2026-04-15,ryviu: reviews & q,exact
Judge.me Product Reviews App,Search_EN_Competitors_2024.08.12,2026-01-16,2026-04-15,UTC,USD,ryviu: reviews & qa,exact,active,1.0,0,0,0.0,0,0.0,0.0,0.0,0.0,0.0,0.0,,,,,,Competitors,Apr15,2026-04-15,ryviu: reviews & qa,exact
Judge.me Product Reviews App,Search_EN_Competitors_2024.08.12,2026-01-16,2026-04-15,UTC,USD,trusstoo.oi reviews,exact,active,1.0,0,0,0.0,0,0.0,0.0,0.0,0.0,0.0,0.0,,,,,,Competitors,Apr15,2026-04-15,trusstoo.oi reviews,exact
Judge.me Product Reviews App,Search_EN_Competitors_2024.08.12,2026-01-16,2026-04-15,UTC,USD,trust pilot reviews,exact,active,1.0,0,0,0.0,0,0.0,0.0,0.0,0.0,0.0,0.0,,,,,,Competitors,Apr15,2026-04-15,trust pilot reviews,exact
Judge.me Product Reviews App,Search_EN_Competitors_2024.08.12,2026-01-16,2026-04-15,UTC,USD,trust review,exact,active,1.0,0,0,0.0,0,0.0,0.0,0.0,0.0,0.0,0.0,,,,,,Competitors,Apr15,2026-04-15,trust review,exact
Judge.me Product Reviews App,Search_EN_Competitors_2024.08.12,2026-01-16,2026-04-15,UTC,USD,trust reviews google,exact,active,1.0,0,0,0.0,0,0.0,0.0,0.0,0.0,0.0,0.0,,,,,,Competitors,Apr15,2026-04-15,trust reviews google,exact
Judge.me Product Reviews App,Search_EN_Competitors_2024.08.12,2026-01-16,2026-04-15,UTC,USD,trust shop product review,exact,active,1.0,0,0,0.0,0,0.0,0.0,0.0,0.0,0.0,0.0,,,,,,Competitors,Apr15,2026-04-15,trust shop product review,exact
Judge.me Product Reviews App,Search_EN_Competitors_2024.08.12,2026-01-16,2026-04-15,UTC,USD,trust shop review,exact,active,1.0,0,0,0.0,0,0.0,0.0,0.0,0.0,0.0,0.0,,,,,,Competitors,Apr15,2026-04-15,trust shop review,exact
Judge.me Product Reviews App,Search_EN_Competitors_2024.08.12,2026-01-16,2026-04-15,UTC,USD,trust shop reviews,exact,active,1.0,0,0,0.0,0,0.0,0.0,0.0,0.0,0.0,0.0,,,,,,Competitors,Apr15,2026-04-15,trust shop reviews,exact
Judge.me Product Reviews App,Search_EN_Competitors_2024.08.12,2026-01-16,2026-04-15,UTC,USD,trust.ioo review,exact,active,1.0,0,0,0.0,0,0.0,0.0,0.0,0.0,0.0,0.0,,,,,,Competitors,Apr15,2026-04-15,trust.ioo review,exact
Judge.me Product Reviews App,Search_EN_Competitors_2024.08.12,2026-01-16,2026-04-15,UTC,USD,trusted io reviews,exact,active,1.0,0,0,0.0,0,0.0,0.0,0.0,0.0,0.0,0.0,,,,,,Competitors,Apr15,2026-04-15,trusted io reviews,exact
Judge.me Product Reviews App,Search_EN_Competitors_2024.08.12,2026-01-16,2026-04-15,UTC,USD,trusted review,exact,active,1.0,0,0,0.0,0,0.0,0.0,0.0,0.0,0.0,0.0,,,,,,Competitors,Apr15,2026-04-15,trusted review,exact
Judge.me Product Reviews App,Search_EN_Competitors_2024.08.12,2026-01-16,2026-04-15,UTC,USD,trusto io review,exact,active,1.0,0,0,0.0,0,0.0,0.0,0.0,0.0,0.0,0.0,,,,,,Competitors,Apr15,2026-04-15,trusto io review,exact
Judge.me Product Reviews App,Search_EN_Competitors_2024.08.12,2026-01-16,2026-04-15,UTC,USD,trusto product and ali reviews,exact,active,1.0,0,0,0.0,0,0.0,0.0,0.0,0.0,0.0,0.0,,,,,,Competitors,Apr15,2026-04-15,trusto product and ali reviews,exact
Judge.me Product Reviews App,Search_EN_Competitors_2024.08.12,2026-01-16,2026-04-15,UTC,USD,trusto product e ali reviews,exact,active,1.0,0,0,0.0,0,0.0,0.0,0.0,0.0,0.0,0.0,,,,,,Competitors,Apr15,2026-04-15,trusto product e ali reviews,exact
Judge.me Product Reviews App,Search_EN_Competitors_2024.08.12,2026-01-16,2026-04-15,UTC,USD,trusto product review,exact,active,1.0,0,0,0.0,0,0.0,0.0,0.0,0.0,0.0,0.0,,,,,,Competitors,Apr15,2026-04-15,trusto product review,exact
Judge.me Product Reviews App,Search_EN_Competitors_2024.08.12,2026-01-16,2026-04-15,UTC,USD,trusto productn reviews,exact,active,1.0,0,0,0.0,0,0.0,0.0,0.0,0.0,0.0,0.0,,,,,,Competitors,Apr15,2026-04-15,trusto productn reviews,exact
Judge.me Product Reviews App,Search_EN_Competitors_2024.08.12,2026-01-16,2026-04-15,UTC,USD,trusto products review,exact,active,1.0,0,0,0.0,0,0.0,0.0,0.0,0.0,0.0,0.0,,,,,,Competitors,Apr15,2026-04-15,trusto products review,exact
Judge.me Product Reviews App,Search_EN_Competitors_2024.08.12,2026-01-16,2026-04-15,UTC,USD,trusto review,exact,active,1.0,0,0,0.0,0,0.0,0.0,0.0,0.0,0.0,0.0,,,,,,Competitors,Apr15,2026-04-15,trusto review,exact
Judge.me Product Reviews App,Search_EN_Competitors_2024.08.12,2026-01-16,2026-04-15,UTC,USD,trusto.io reviews,exact,active,1.0,0,0,0.0,0,0.0,0.0,0.0,0.0,0.0,0.0,,,,,,Competitors,Apr15,2026-04-15,trusto.io reviews,exact
Judge.me Product Reviews App,Search_EN_Competitors_2024.08.12,2026-01-16,2026-04-15,UTC,USD,trustoo ali reviews products,exact,active,1.0,0,0,0.0,0,0.0,0.0,0.0,0.0,0.0,0.0,,,,,,Competitors,Apr15,2026-04-15,trustoo ali reviews products,exact
Judge.me Product Reviews App,Search_EN_Competitors_2024.08.12,2026-01-16,2026-04-15,UTC,USD,trustoo ali reviews products reviews,exact,active,1.0,0,0,0.0,0,0.0,0.0,0.0,0.0,0.0,0.0,,,,,,Competitors,Apr15,2026-04-15,trustoo ali reviews products reviews,exact
Judge.me Product Reviews App,Search_EN_Competitors_2024.08.12,2026-01-16,2026-04-15,UTC,USD,trustoo io product reviews,exact,active,1.0,0,0,0.0,0,0.0,0.0,0.0,0.0,0.0,0.0,,,,,,Competitors,Apr15,2026-04-15,trustoo io product reviews,exact
Judge.me Product Reviews App,Search_EN_Competitors_2024.08.12,2026-01-16,2026-04-15,UTC,USD,trustoo product & ali review,exact,active,1.0,0,0,0.0,0,0.0,0.0,0.0,0.0,0.0,0.0,,,,,,Competitors,Apr15,2026-04-15,trustoo product & ali review,exact
Judge.me Product Reviews App,Search_EN_Competitors_2024.08.12,2026-01-16,2026-04-15,UTC,USD,trustoo product & ali reviews,exact,active,1.0,0,0,0.0,0,0.0,0.0,0.0,0.0,0.0,0.0,,,,,,Competitors,Apr15,2026-04-15,trustoo product & ali reviews,exact
Judge.me Product Reviews App,Search_EN_Competitors_2024.08.12,2026-01-16,2026-04-15,UTC,USD,trustoo product and ali reviews,exact,active,1.0,0,0,0.0,0,0.0,0.0,0.0,0.0,0.0,0.0,,,,,,Competitors,Apr15,2026-04-15,trustoo product and ali reviews,exact
Judge.me Product Reviews App,Search_EN_Competitors_2024.08.12,2026-01-16,2026-04-15,UTC,USD,trustoo product review,exact,active,1.0,0,0,0.0,0,0.0,0.0,0.0,0.0,0.0,0.0,,,,,,Competitors,Apr15,2026-04-15,trustoo product review,exact
Judge.me Product Reviews App,Search_EN_Competitors_2024.08.12,2026-01-16,2026-04-15,UTC,USD,trustoo product review app,exact,active,1.0,0,0,0.0,0,0.0,0.0,0.0,0.0,0.0,0.0,,,,,,Competitors,Apr15,2026-04-15,trustoo product review app,exact
Judge.me Product Reviews App,Search_EN_Competitors_2024.08.12,2026-01-16,2026-04-15,UTC,USD,trustoo product reviews,exact,active,1.0,0,0,0.0,0,0.0,0.0,0.0,0.0,0.0,0.0,,,,,,Competitors,Apr15,2026-04-15,trustoo product reviews,exact
Judge.me Product Reviews App,Search_EN_Competitors_2024.08.12,2026-01-16,2026-04-15,UTC,USD,trustoo product& ali reviews,exact,active,1.0,0,0,0.0,0,0.0,0.0,0.0,0.0,0.0,0.0,,,,,,Competitors,Apr15,2026-04-15,trustoo product& ali reviews,exact
Judge.me Product Reviews App,Search_EN_Competitors_2024.08.12,2026-01-16,2026-04-15,UTC,USD,trustoo products & ali review,exact,active,1.0,0,0,0.0,0,0.0,0.0,0.0,0.0,0.0,0.0,,,,,,Competitors,Apr15,2026-04-15,trustoo products & ali review,exact
Judge.me Product Reviews App,Search_EN_Competitors_2024.08.12,2026-01-16,2026-04-15,UTC,USD,trustoo produt reviews app,exact,active,1.0,0,0,0.0,0,0.0,0.0,0.0,0.0,0.0,0.0,,,,,,Competitors,Apr15,2026-04-15,trustoo produt reviews app,exact
Judge.me Product Reviews App,Search_EN_Competitors_2024.08.12,2026-01-16,2026-04-15,UTC,USD,trustoo to review,exact,active,1.0,0,0,0.0,0,0.0,0.0,0.0,0.0,0.0,0.0,,,,,,Competitors,Apr15,2026-04-15,trustoo to review,exact
Judge.me Product Reviews App,Search_EN_Competitors_2024.08.12,2026-01-16,2026-04-15,UTC,USD,trustoo.io product reviews,exact,active,1.0,0,0,0.0,0,0.0,0.0,0.0,0.0,0.0,0.0,,,,,,Competitors,Apr15,2026-04-15,trustoo.io product reviews,exact
Judge.me Product Reviews App,Search_EN_Competitors_2024.08.12,2026-01-16,2026-04-15,UTC,USD,trustreviews: product reviews,exact,active,1.0,0,0,0.0,0,0.0,0.0,0.0,0.0,0.0,0.0,,,,,,Competitors,Apr15,2026-04-15,trustreviews: product reviews,exact
Judge.me Product Reviews App,Search_EN_Competitors_2024.08.12,2026-01-16,2026-04-15,UTC,USD,trustro.io reviews,exact,active,1.0,0,0,0.0,0,0.0,0.0,0.0,0.0,0.0,0.0,,,,,,Competitors,Apr15,2026-04-15,trustro.io reviews,exact
Judge.me Product Reviews App,Search_EN_Competitors_2024.08.12,2026-01-16,2026-04-15,UTC,USD,trustshop - product reviews,exact,active,1.0,0,0,0.0,0,0.0,0.0,0.0,0.0,0.0,0.0,,,,,,Competitors,Apr15,2026-04-15,trustshop - product reviews,exact
Judge.me Product Reviews App,Search_EN_Competitors_2024.08.12,2026-01-16,2026-04-15,UTC,USD,tydal reviews app,exact,active,1.0,0,0,0.0,0,0.0,0.0,0.0,0.0,0.0,0.0,,,,,,Competitors,Apr15,2026-04-15,tydal reviews app,exact
Judge.me Product Reviews App,Search_EN_Competitors_2024.08.12,2026-01-16,2026-04-15,UTC,USD,yo product reviews,exact,active,1.0,0,0,0.0,0,0.0,0.0,0.0,0.0,0.0,0.0,,,,,,Competitors,Apr15,2026-04-15,yo product reviews,exact
Judge.me Product Reviews App,Search_EN_Competitors_2024.08.12,2026-01-16,2026-04-15,UTC,USD,yopto reviews,exact,active,1.0,0,0,0.0,0,0.0,0.0,0.0,0.0,0.0,0.0,,,,,,Competitors,Apr15,2026-04-15,yopto reviews,exact
Judge.me Product Reviews App,Search_EN_Competitors_2024.08.12,2026-01-16,2026-04-15,UTC,USD,yotpo product reviews,exact,active,1.0,0,0,0.0,0,0.0,0.0,0.0,0.0,0.0,0.0,,,,,,Competitors,Apr15,2026-04-15,yotpo product reviews,exact
Judge.me Product Reviews App,Search_EN_Competitors_2024.08.12,2026-01-16,2026-04-15,UTC,USD,yotpo product reviews & photos,exact,active,1.0,0,0,0.0,0,0.0,0.0,0.0,0.0,0.0,0.0,,,,,,Competitors,Apr15,2026-04-15,yotpo product reviews & photos,exact
Judge.me Product Reviews App,Search_EN_Competitors_2024.08.12,2026-01-16,2026-04-15,UTC,USD,yotpo products review,exact,active,1.0,0,0,0.0,0,0.0,0.0,0.0,0.0,0.0,0.0,,,,,,Competitors,Apr15,2026-04-15,yotpo products review,exact
Judge.me Product Reviews App,Search_EN_Competitors_2024.08.12,2026-01-16,2026-04-15,UTC,USD,yotpo reviews widget,exact,active,1.0,0,0,0.0,0,0.0,0.0,0.0,0.0,0.0,0.0,,,,,,Competitors,Apr15,2026-04-15,yotpo reviews widget,exact
Judge.me Product Reviews App,Search_EN_Competitors_2024.08.12,2026-01-16,2026-04-15,UTC,USD,trust pilot review,exact,active,1.0,0,0,0.0,0,0.0,0.0,0.0,0.0,0.0,0.0,,,,,,Competitors,Apr15,2026-04-15,trust pilot review,exact
Judge.me Product Reviews App,Search_EN_Competitors_2024.08.12,2026-01-16,2026-04-15,UTC,USD,reviews yotpo,exact,active,2.0,0,0,0.0,0,0.0,0.0,0.0,0.0,0.0,0.0,,,,,,Competitors,Apr15,2026-04-15,reviews yotpo,exact
Judge.me Product Reviews App,Search_EN_Competitors_2024.08.12,2026-01-16,2026-04-15,UTC,USD,rivo product reviews,exact,active,2.0,0,0,0.0,0,0.0,0.0,0.0,0.0,0.0,0.0,,,,,,Competitors,Apr15,2026-04-15,rivo product reviews,exact
Judge.me Product Reviews App,Search_EN_Competitors_2024.08.12,2026-01-16,2026-04-15,UTC,USD,rivyo reviews,exact,active,2.0,0,0,0.0,0,0.0,0.0,0.0,0.0,0.0,0.0,,,,,,Competitors,Apr15,2026-04-15,rivyo reviews,exact
Judge.me Product Reviews App,Search_EN_Competitors_2024.08.12,2026-01-16,2026-04-15,UTC,USD,trutoo.io reviews,exact,active,2.0,0,0,0.0,0,0.0,0.0,0.0,0.0,0.0,0.0,,,,,,Competitors,Apr15,2026-04-15,trutoo.io reviews,exact
Judge.me Product Reviews App,Search_EN_Competitors_2024.08.12,2026-01-16,2026-04-15,UTC,USD,vitals: reviews,exact,active,2.0,0,0,0.0,0,0.0,0.0,0.0,0.0,0.0,0.0,,,,,,Competitors,Apr15,2026-04-15,vitals: reviews,exact
Judge.me Product Reviews App,Search_EN_Competitors_2024.08.12,2026-01-16,2026-04-15,UTC,USD,yepto reviews,exact,active,2.0,0,0,0.0,0,0.0,0.0,0.0,0.0,0.0,0.0,,,,,,Competitors,Apr15,2026-04-15,yepto reviews,exact
Judge.me Product Reviews App,Search_EN_Competitors_2024.08.12,2026-01-16,2026-04-15,UTC,USD,yotpo product & photo reviews,exact,active,2.0,0,0,0.0,0,0.0,0.0,0.0,0.0,0.0,0.0,,,,,,Competitors,Apr15,2026-04-15,yotpo product & photo reviews,exact
Judge.me Product Reviews App,Search_EN_ProductReview_2024.08.05,2026-01-16,2026-04-15,UTC,USD,reviews,exact,active,2.1,16080,3004,0.186815,2256,0.750998,2.1,2.796276,6308.4,2.008271,0.912133,83.0,2068.95,0.327967,76.004819,0.03679,ProductReview,Apr15,2026-04-15,reviews,exact
Judge.me Product Reviews App,Search_EN_ProductReview_2024.08.05,2026-01-16,2026-04-15,UTC,USD,review,exact,active,2.5,12026,2358,0.196075,1836,0.778625,1.956106,2.512254,4612.5,2.061367,0.903259,44.0,934.26,0.202549,104.829545,0.023965,ProductReview,Apr15,2026-04-15,review,exact
Judge.me Product Reviews App,Search_EN_ProductReview_2024.08.05,2026-01-16,2026-04-15,UTC,USD,google reviews,exact,active,4.0,4175,349,0.083592,171,0.489971,4.994269,10.192982,1743.0,1.377964,0.855357,6.0,151.82,0.087102,290.5,0.035087,ProductReview,Apr15,2026-04-15,google reviews,exact
Judge.me Product Reviews App,Search_EN_ProductReview_2024.08.05,2026-01-16,2026-04-15,UTC,USD,product reviews,exact,active,3.0,3194,588,0.184095,465,0.790816,3.0,3.793548,1764.0,1.762366,0.892428,8.0,210.89,0.119552,220.5,0.017204,ProductReview,Apr15,2026-04-15,product reviews,exact
Judge.me Product Reviews App,Search_EN_ProductReview_2024.08.05,2026-01-16,2026-04-15,UTC,USD,review widget,broad,active,5.0,2785,373,0.133931,282,0.756032,4.563002,6.03546,1702.0,2.129263,0.524877,2.0,30.22,0.017755,851.0,0.007092,ProductReview,Apr15,2026-04-15,review widget,broad
Judge.me Product Reviews App,Search_EN_ProductReview_2024.08.05,2026-01-16,2026-04-15,UTC,USD,product review,broad,active,3.0,2590,495,0.191119,386,0.779797,3.0,3.84715,1485.0,1.616216,0.224145,7.0,197.02,0.132673,212.142857,0.018134,ProductReview,Apr15,2026-04-15,product review,broad
Judge.me Product Reviews App,Search_EN_ProductReview_2024.08.05,2026-01-16,2026-04-15,UTC,USD,google review,exact,active,5.0,1901,182,0.095739,102,0.560439,5.0,8.921568,910.0,1.101525,0.879685,3.0,91.11,0.10012,303.333333,0.029411,ProductReview,Apr15,2026-04-15,google review,exact
Judge.me Product Reviews App,Search_EN_ProductReview_2024.08.05,2026-01-16,2026-04-15,UTC,USD,shopify product reviews,exact,active,3.5,1618,454,0.280593,385,0.848017,1.785242,2.105194,810.5,2.141532,0.824248,3.0,60.88,0.075114,270.166666,0.007792,ProductReview,Apr15,2026-04-15,shopify product reviews,exact
Judge.me Product Reviews App,Search_EN_ProductReview_2024.08.05,2026-01-16,2026-04-15,UTC,USD,product review,exact,active,2.5,1486,271,0.182368,218,0.804428,2.5,3.107798,677.5,1.803499,0.87309,5.0,120.91,0.178464,135.5,0.022935,ProductReview,Apr15,2026-04-15,product review,exact
Judge.me Product Reviews App,Search_EN_ProductReview_2024.08.05,2026-01-16,2026-04-15,UTC,USD,reviews free,exact,active,2.0,1432,346,0.24162,282,0.815028,2.0,2.4539,692.0,1.842877,0.911521,3.0,60.66,0.087658,230.666666,0.010638,ProductReview,Apr15,2026-04-15,reviews free,exact
Judge.me Product Reviews App,Search_EN_ProductReview_2024.08.05,2026-01-16,2026-04-15,UTC,USD,reviews app,exact,active,3.0,709,115,0.1622,84,0.730434,2.47826,3.392857,285.0,2.321579,0.651056,,,,,,ProductReview,Apr15,2026-04-15,reviews app,exact
Judge.me Product Reviews App,Search_EN_ProductReview_2024.08.05,2026-01-16,2026-04-15,UTC,USD,shopify product review,broad,active,3.5,400,7,0.0175,5,0.714285,3.5,4.9,24.5,3.3375,0.207576,,,,,,ProductReview,Apr15,2026-04-15,shopify product review,broad
Judge.me Product Reviews App,Search_EN_ProductReview_2024.08.05,2026-01-16,2026-04-15,UTC,USD,review widget,exact,active,5.0,264,50,0.189393,27,0.54,5.0,9.259259,250.0,1.200757,0.916666,1.0,45.0,0.18,250.0,0.037037,ProductReview,Apr15,2026-04-15,review widget,exact
Judge.me Product Reviews App,Search_EN_ProductReview_2024.08.05,2026-01-16,2026-04-15,UTC,USD,customer reviews,exact,active,3.0,169,31,0.183431,25,0.806451,2.548387,3.16,79.0,3.349112,0.393939,,,,,,ProductReview,Apr15,2026-04-15,customer reviews,exact
Judge.me Product Reviews App,Search_EN_ProductReview_2024.08.05,2026-01-16,2026-04-15,UTC,USD,review apps,exact,active,3.5,56,10,0.178571,10,1.0,3.5,3.5,35.0,1.517857,0.788732,,,,,,ProductReview,Apr15,2026-04-15,review apps,exact
Judge.me Product Reviews App,Search_EN_ProductReview_2024.08.05,2026-01-16,2026-04-15,UTC,USD,shopify product review,exact,active,5.0,48,4,0.083333,3,0.75,5.0,6.666666,20.0,1.541666,1.0,,,,,,ProductReview,Apr15,2026-04-15,shopify product review,exact
Judge.me Product Reviews App,Search_EN_ProductReview_2024.08.05,2026-01-16,2026-04-15,UTC,USD,video reviews,exact,active,5.0,20,1,0.05,0,0.0,5.0,0.0,5.0,1.8,0.294117,,,,,,ProductReview,Apr15,2026-04-15,video reviews,exact
Judge.me Product Reviews App,Search_EN_ProductReview_2024.08.05,2026-01-16,2026-04-15,UTC,USD,product reviews by shopify,exact,active,3.5,18,3,0.166666,3,1.0,3.5,3.5,10.5,2.111111,0.642857,,,,,,ProductReview,Apr15,2026-04-15,product reviews by shopify,exact
Judge.me Product Reviews App,Search_EN_ProductReview_2024.08.05,2026-01-16,2026-04-15,UTC,USD,store reviews,exact,active,8.0,16,2,0.125,1,0.5,8.0,16.0,16.0,3.125,0.347826,,,,,,ProductReview,Apr15,2026-04-15,store reviews,exact
Judge.me Product Reviews App,Search_EN_ProductReview_2024.08.05,2026-01-16,2026-04-15,UTC,USD,product reviews app,exact,active,4.0,14,4,0.285714,2,0.5,4.0,8.0,16.0,2.571428,0.608695,,,,,,ProductReview,Apr15,2026-04-15,product reviews app,exact
Judge.me Product Reviews App,Search_EN_ProductReview_2024.08.05,2026-01-16,2026-04-15,UTC,USD,photo reviews,exact,active,5.0,11,0,0.0,0,0.0,0.0,0.0,0.0,1.818181,0.366666,,,,,,ProductReview,Apr15,2026-04-15,photo reviews,exact
Judge.me Product Reviews App,Search_EN_ProductReview_2024.08.05,2026-01-16,2026-04-15,UTC,USD,product review app,exact,active,5.0,7,2,0.285714,2,1.0,5.0,5.0,10.0,1.285714,0.466666,,,,,,ProductReview,Apr15,2026-04-15,product review app,exact
Judge.me Product Reviews App,Search_EN_ProductReview_2024.08.05,2026-01-16,2026-04-15,UTC,USD,product rev,exact,active,3.5,1,0,0.0,0,0.0,0.0,0.0,0.0,4.0,0.020833,,,,,,ProductReview,Apr15,2026-04-15,product rev,exact
Judge.me Product Reviews App,Search_EN_ProductReview_2024.08.05,2026-01-16,2026-04-15,UTC,USD,product reviews by shopify,broad,active,2.5,0,0,0.0,0,0.0,0.0,0.0,0.0,0.0,0.0,,,,,,ProductReview,Apr15,2026-04-15,product reviews by shopify,broad
Judge.me Product Reviews App,Search_EN_ProductReview_2024.08.05,2026-01-16,2026-04-15,UTC,USD,review apps,broad,active,2.5,0,0,0.0,0,0.0,0.0,0.0,0.0,0.0,0.0,,,,,,ProductReview,Apr15,2026-04-15,review apps,broad
Judge.me Product Reviews App,Search_EN_ProductReview_2024.08.05,2026-01-16,2026-04-15,UTC,USD,ecommerce reviews,exact,active,3.0,0,0,0.0,0,0.0,0.0,0.0,0.0,0.0,0.0,,,,,,ProductReview,Apr15,2026-04-15,ecommerce reviews,exact
Judge.me Product Reviews App,Search_EN_ProductReview_2024.08.05,2026-01-16,2026-04-15,UTC,USD,shopify store reviews,exact,active,2.5,0,0,0.0,0,0.0,0.0,0.0,0.0,0.0,0.0,,,,,,ProductReview,Apr15,2026-04-15,shopify store reviews,exact
Judge.me Product Reviews App,Search_EN_ProductReview_2024.08.05,2026-01-16,2026-04-15,UTC,USD,dropshipping reviews,exact,active,3.5,0,0,0.0,0,0.0,0.0,0.0,0.0,0.0,0.0,,,,,,ProductReview,Apr15,2026-04-15,dropshipping reviews,exact
Judge.me Product Reviews App,Search_EN_ProductReview_2024.08.05,2026-01-16,2026-04-15,UTC,USD,video review app,exact,active,4.0,0,0,0.0,0,0.0,0.0,0.0,0.0,0.0,0.0,,,,,,ProductReview,Apr15,2026-04-15,video review app,exact
Judge.me Product Reviews App,Search_EN_ProductReview_2024.08.05,2026-01-16,2026-04-15,UTC,USD,photo review app,exact,active,4.0,0,0,0.0,0,0.0,0.0,0.0,0.0,0.0,0.0,,,,,,ProductReview,Apr15,2026-04-15,photo review app,exact
Judge.me Product Reviews App,Search_EN_ProductReview_2024.08.05,2026-01-16,2026-04-15,UTC,USD,reviews,broad,active,2.5,0,0,0.0,0,0.0,0.0,0.0,0.0,0.0,0.0,,,,,,ProductReview,Apr15,2026-04-15,reviews,broad
Judge.me Product Reviews App,Search_EN_ProductReview_2024.08.05,2026-01-16,2026-04-15,UTC,USD,review,broad,active,1.0,0,0,0.0,0,0.0,0.0,0.0,0.0,0.0,0.0,,,,,,ProductReview,Apr15,2026-04-15,review,broad
Judge.me Product Reviews App,Search_EN_ProductReview_2024.08.05,2026-01-16,2026-04-15,UTC,USD,product r,exact,active,5.0,0,0,0.0,0,0.0,0.0,0.0,0.0,0.0,0.0,,,,,,ProductReview,Apr15,2026-04-15,product r,exact
Judge.me Product Reviews App,Search_EN_Review-variations_2024.04.29,2026-01-16,2026-04-15,UTC,USD,trust badges,broad,active,2.5,6202,196,0.031602,122,0.622448,2.5,4.016393,490.0,2.698484,0.300834,1.0,15.0,0.030612,490.0,0.008196,Review-variations,Apr15,2026-04-15,trust badges,broad
Judge.me Product Reviews App,Search_EN_Review-variations_2024.04.29,2026-01-16,2026-04-15,UTC,USD,testimonial slider,broad,active,3.0,2190,37,0.016894,17,0.459459,3.0,6.529411,111.0,2.797716,0.335632,,,,,,Review-variations,Apr15,2026-04-15,testimonial slider,broad
Judge.me Product Reviews App,Search_EN_Review-variations_2024.04.29,2026-01-16,2026-04-15,UTC,USD,product rating,broad,active,4.5,1881,71,0.037745,45,0.633802,4.5,7.1,319.5,3.026049,0.022991,,,,,,Review-variations,Apr15,2026-04-15,product rating,broad
Judge.me Product Reviews App,Search_EN_Review-variations_2024.04.29,2026-01-16,2026-04-15,UTC,USD,customer feedback,broad,active,5.0,1748,122,0.069794,72,0.590163,5.0,8.472222,610.0,3.109839,0.038963,,,,,,Review-variations,Apr15,2026-04-15,customer feedback,broad
Judge.me Product Reviews App,Search_EN_Review-variations_2024.04.29,2026-01-16,2026-04-15,UTC,USD,testimonial,exact,active,2.82,895,117,0.130726,75,0.641025,2.82,4.3992,329.94,1.084916,0.939139,1.0,15.0,0.045462,329.94,0.013333,Review-variations,Apr15,2026-04-15,testimonial,exact
Judge.me Product Reviews App,Search_EN_Review-variations_2024.04.29,2026-01-16,2026-04-15,UTC,USD,testimonial,broad,active,2.5,865,129,0.149132,76,0.589147,2.5,4.243421,322.5,1.231213,0.848039,1.0,45.68,0.141643,322.5,0.013157,Review-variations,Apr15,2026-04-15,testimonial,broad
Judge.me Product Reviews App,Search_EN_Review-variations_2024.04.29,2026-01-16,2026-04-15,UTC,USD,testimonials,exact,active,3.0,761,72,0.094612,41,0.569444,3.0,5.268292,216.0,1.745072,0.909199,,,,,,Review-variations,Apr15,2026-04-15,testimonials,exact
Judge.me Product Reviews App,Search_EN_Review-variations_2024.04.29,2026-01-16,2026-04-15,UTC,USD,testimonial slider,exact,active,3.0,356,41,0.115168,22,0.536585,3.0,5.590909,123.0,1.168539,0.927083,,,,,,Review-variations,Apr15,2026-04-15,testimonial slider,exact
Judge.me Product Reviews App,Search_EN_Review-variations_2024.04.29,2026-01-16,2026-04-15,UTC,USD,rating,exact,active,4.0,351,35,0.099715,31,0.885714,4.0,4.516129,140.0,1.327635,0.916449,,,,,,Review-variations,Apr15,2026-04-15,rating,exact
Judge.me Product Reviews App,Search_EN_Review-variations_2024.04.29,2026-01-16,2026-04-15,UTC,USD,star rating,exact,active,3.5,209,26,0.124401,15,0.576923,3.5,6.066666,91.0,1.770334,0.867219,,,,,,Review-variations,Apr15,2026-04-15,star rating,exact
Judge.me Product Reviews App,Search_EN_Review-variations_2024.04.29,2026-01-16,2026-04-15,UTC,USD,social proof,broad,active,3.0,186,4,0.021505,3,0.75,3.0,4.0,12.0,3.370967,0.050474,,,,,,Review-variations,Apr15,2026-04-15,social proof,broad
Judge.me Product Reviews App,Search_EN_Review-variations_2024.04.29,2026-01-16,2026-04-15,UTC,USD,ratings,exact,active,5.0,170,58,0.341176,48,0.827586,5.0,6.041666,290.0,1.305882,0.939226,1.0,30.45,0.105,290.0,0.020833,Review-variations,Apr15,2026-04-15,ratings,exact
Judge.me Product Reviews App,Search_EN_Review-variations_2024.04.29,2026-01-16,2026-04-15,UTC,USD,product rating,exact,active,3.0,123,7,0.05691,3,0.428571,3.0,7.0,21.0,2.650406,0.352435,,,,,,Review-variations,Apr15,2026-04-15,product rating,exact
Judge.me Product Reviews App,Search_EN_Review-variations_2024.04.29,2026-01-16,2026-04-15,UTC,USD,feedback app,broad,active,3.0,57,4,0.070175,2,0.5,3.0,6.0,12.0,4.491228,0.007833,,,,,,Review-variations,Apr15,2026-04-15,feedback app,broad
Judge.me Product Reviews App,Search_EN_Review-variations_2024.04.29,2026-01-16,2026-04-15,UTC,USD,star rating,broad,active,2.5,3,0,0.0,0,0.0,0.0,0.0,0.0,3.666666,0.428571,,,,,,Review-variations,Apr15,2026-04-15,star rating,broad
Judge.me Product Reviews App,Search_EN_Review-variations_2024.04.29,2026-01-16,2026-04-15,UTC,USD,testimonials,broad,active,3.0,0,0,0.0,0,0.0,0.0,0.0,0.0,0.0,0.0,,,,,,Review-variations,Apr15,2026-04-15,testimonials,broad
Judge.me Product Reviews App,Search_EN_Review-variations_2024.04.29,2026-01-16,2026-04-15,UTC,USD,product reviews,exact,paused,3.5,0,0,0.0,0,0.0,0.0,0.0,0.0,0.0,0.0,,,,,,Review-variations,Apr15,2026-04-15,product reviews,exact
Judge.me Product Reviews App,Search_EN_Review-variations_2024.04.29,2026-01-16,2026-04-15,UTC,USD,reviews importer,broad,paused,2.5,0,0,0.0,0,0.0,0.0,0.0,0.0,0.0,0.0,,,,,,Review-variations,Apr15,2026-04-15,reviews importer,broad
Judge.me Product Reviews App,Search_EN_Review-variations_2024.04.29,2026-01-16,2026-04-15,UTC,USD,product re,broad,paused,2.8,0,0,0.0,0,0.0,0.0,0.0,0.0,0.0,0.0,,,,,,Review-variations,Apr15,2026-04-15,product re,broad
Judge.me Product Reviews App,Search_EN_Review-variations_2024.04.29,2026-01-16,2026-04-15,UTC,USD,ratings,broad,paused,2.5,0,0,0.0,0,0.0,0.0,0.0,0.0,0.0,0.0,,,,,,Review-variations,Apr15,2026-04-15,ratings,broad
Judge.me Product Reviews App,Search_EN_Review-variations_2024.04.29,2026-01-16,2026-04-15,UTC,USD,reviews free,broad,paused,2.5,0,0,0.0,0,0.0,0.0,0.0,0.0,0.0,0.0,,,,,,Review-variations,Apr15,2026-04-15,reviews free,broad
Judge.me Product Reviews App,Search_EN_Review-variations_2024.04.29,2026-01-16,2026-04-15,UTC,USD,feedback,broad,active,2.5,0,0,0.0,0,0.0,0.0,0.0,0.0,0.0,0.0,,,,,,Review-variations,Apr15,2026-04-15,feedback,broad
Judge.me Product Reviews App,Search_EN_Review-variations_2024.04.29,2026-01-16,2026-04-15,UTC,USD,free product reviews,broad,paused,2.5,0,0,0.0,0,0.0,0.0,0.0,0.0,0.0,0.0,,,,,,Review-variations,Apr15,2026-04-15,free product reviews,broad
Judge.me Product Reviews App,Search_EN_Review-variations_2024.04.29,2026-01-16,2026-04-15,UTC,USD,image carousel,exact,paused,3.0,0,0,0.0,0,0.0,0.0,0.0,0.0,0.0,0.0,,,,,,Review-variations,Apr15,2026-04-15,image carousel,exact
Judge.me Product Reviews App,Search_EN_Review-variations_2024.04.29,2026-01-16,2026-04-15,UTC,USD,reviews with images,broad,paused,2.0,0,0,0.0,0,0.0,0.0,0.0,0.0,0.0,0.0,,,,,,Review-variations,Apr15,2026-04-15,reviews with images,broad
Judge.me Product Reviews App,Search_EN_Review-variations_2024.04.29,2026-01-16,2026-04-15,UTC,USD,import etsy reviews,broad,paused,3.0,0,0,0.0,0,0.0,0.0,0.0,0.0,0.0,0.0,,,,,,Review-variations,Apr15,2026-04-15,import etsy reviews,broad
Judge.me Product Reviews App,Search_EN_Review-variations_2024.04.29,2026-01-16,2026-04-15,UTC,USD,verified review,broad,paused,2.0,0,0,0.0,0,0.0,0.0,0.0,0.0,0.0,0.0,,,,,,Review-variations,Apr15,2026-04-15,verified review,broad
Judge.me Product Reviews App,Search_EN_Review-variations_2024.04.29,2026-01-16,2026-04-15,UTC,USD,import ebay reviews,broad,paused,2.0,0,0,0.0,0,0.0,0.0,0.0,0.0,0.0,0.0,,,,,,Review-variations,Apr15,2026-04-15,import ebay reviews,broad
Judge.me Product Reviews App,Search_EN_Review-variations_2024.04.29,2026-01-16,2026-04-15,UTC,USD,testimonial app,broad,active,2.5,0,0,0.0,0,0.0,0.0,0.0,0.0,0.0,0.0,,,,,,Review-variations,Apr15,2026-04-15,testimonial app,broad
Judge.me Product Reviews App,Search_EN_Review-variations_2024.04.29,2026-01-16,2026-04-15,UTC,USD,export reviews,broad,paused,3.0,0,0,0.0,0,0.0,0.0,0.0,0.0,0.0,0.0,,,,,,Review-variations,Apr15,2026-04-15,export reviews,broad
Judge.me Product Reviews App,Search_EN_Review-variations_2024.04.29,2026-01-16,2026-04-15,UTC,USD,export amazon reviews,broad,paused,2.0,0,0,0.0,0,0.0,0.0,0.0,0.0,0.0,0.0,,,,,,Review-variations,Apr15,2026-04-15,export amazon reviews,broad
Judge.me Product Reviews App,Search_EN_Review-variations_2024.04.29,2026-01-16,2026-04-15,UTC,USD,adding product reviews,broad,paused,3.0,0,0,0.0,0,0.0,0.0,0.0,0.0,0.0,0.0,,,,,,Review-variations,Apr15,2026-04-15,adding product reviews,broad
Judge.me Product Reviews App,Search_EN_Review-variations_2024.04.29,2026-01-16,2026-04-15,UTC,USD,reviews in shopify,broad,paused,3.0,0,0,0.0,0,0.0,0.0,0.0,0.0,0.0,0.0,,,,,,Review-variations,Apr15,2026-04-15,reviews in shopify,broad
Judge.me Product Reviews App,Search_EN_Review-variations_2024.04.29,2026-01-16,2026-04-15,UTC,USD,import amazon reviews,broad,paused,3.0,0,0,0.0,0,0.0,0.0,0.0,0.0,0.0,0.0,,,,,,Review-variations,Apr15,2026-04-15,import amazon reviews,broad
Judge.me Product Reviews App,Search_EN_Review-variations_2024.04.29,2026-01-16,2026-04-15,UTC,USD,get reviews,broad,paused,2.0,0,0,0.0,0,0.0,0.0,0.0,0.0,0.0,0.0,,,,,,Review-variations,Apr15,2026-04-15,get reviews,broad
Judge.me Product Reviews App,Search_EN_Review-variations_2024.04.29,2026-01-16,2026-04-15,UTC,USD,shopify reviews,broad,paused,3.0,0,0,0.0,0,0.0,0.0,0.0,0.0,0.0,0.0,,,,,,Review-variations,Apr15,2026-04-15,shopify reviews,broad
Judge.me Product Reviews App,Search_EN_Review-variations_2024.04.29,2026-01-16,2026-04-15,UTC,USD,review plugin,broad,paused,3.0,0,0,0.0,0,0.0,0.0,0.0,0.0,0.0,0.0,,,,,,Review-variations,Apr15,2026-04-15,review plugin,broad
Judge.me Product Reviews App,Search_EN_Review-variations_2024.04.29,2026-01-16,2026-04-15,UTC,USD,amazon reviews,broad,paused,2.0,0,0,0.0,0,0.0,0.0,0.0,0.0,0.0,0.0,,,,,,Review-variations,Apr15,2026-04-15,amazon reviews,broad
Judge.me Product Reviews App,Search_EN_Review-variations_2024.04.29,2026-01-16,2026-04-15,UTC,USD,app for reviews,broad,paused,3.0,0,0,0.0,0,0.0,0.0,0.0,0.0,0.0,0.0,,,,,,Review-variations,Apr15,2026-04-15,app for reviews,broad
Judge.me Product Reviews App,Search_EN_Review-variations_2024.04.29,2026-01-16,2026-04-15,UTC,USD,product app,broad,paused,3.0,0,0,0.0,0,0.0,0.0,0.0,0.0,0.0,0.0,,,,,,Review-variations,Apr15,2026-04-15,product app,broad
Judge.me Product Reviews App,Search_EN_Review-variations_2024.04.29,2026-01-16,2026-04-15,UTC,USD,reviews for store,broad,paused,3.0,0,0,0.0,0,0.0,0.0,0.0,0.0,0.0,0.0,,,,,,Review-variations,Apr15,2026-04-15,reviews for store,broad
Judge.me Product Reviews App,Search_EN_Review-variations_2024.04.29,2026-01-16,2026-04-15,UTC,USD,google review,broad,paused,3.0,0,0,0.0,0,0.0,0.0,0.0,0.0,0.0,0.0,,,,,,Review-variations,Apr15,2026-04-15,google review,broad
Judge.me Product Reviews App,Search_EN_Review-variations_2024.04.29,2026-01-16,2026-04-15,UTC,USD,adding reviews,broad,paused,3.76,0,0,0.0,0,0.0,0.0,0.0,0.0,0.0,0.0,,,,,,Review-variations,Apr15,2026-04-15,adding reviews,broad
Judge.me Product Reviews App,Search_EN_Review-variations_2024.04.29,2026-01-16,2026-04-15,UTC,USD,store review,broad,paused,2.0,0,0,0.0,0,0.0,0.0,0.0,0.0,0.0,0.0,,,,,,Review-variations,Apr15,2026-04-15,store review,broad
Judge.me Product Reviews App,Search_EN_Review-variations_2024.04.29,2026-01-16,2026-04-15,UTC,USD,pos review,broad,paused,2.0,0,0,0.0,0,0.0,0.0,0.0,0.0,0.0,0.0,,,,,,Review-variations,Apr15,2026-04-15,pos review,broad
Judge.me Product Reviews App,Search_EN_Review-variations_2024.04.29,2026-01-16,2026-04-15,UTC,USD,customer testimonial,broad,paused,2.33,0,0,0.0,0,0.0,0.0,0.0,0.0,0.0,0.0,,,,,,Review-variations,Apr15,2026-04-15,customer testimonial,broad
Judge.me Product Reviews App,Search_EN_Review-variations_2024.04.29,2026-01-16,2026-04-15,UTC,USD,customer review,broad,paused,2.0,0,0,0.0,0,0.0,0.0,0.0,0.0,0.0,0.0,,,,,,Review-variations,Apr15,2026-04-15,customer review,broad
Judge.me Product Reviews App,Search_EN_Review-variations_2024.04.29,2026-01-16,2026-04-15,UTC,USD,video review,broad,paused,2.0,0,0,0.0,0,0.0,0.0,0.0,0.0,0.0,0.0,,,,,,Review-variations,Apr15,2026-04-15,video review,broad
Judge.me Product Reviews App,Search_EN_Review-variations_2024.04.29,2026-01-16,2026-04-15,UTC,USD,photo review,broad,paused,2.0,0,0,0.0,0,0.0,0.0,0.0,0.0,0.0,0.0,,,,,,Review-variations,Apr15,2026-04-15,photo review,broad
Judge.me Product Reviews App,Search_EN_Review-variations_2024.04.29,2026-01-16,2026-04-15,UTC,USD,dropshipper review,broad,paused,2.0,0,0,0.0,0,0.0,0.0,0.0,0.0,0.0,0.0,,,,,,Review-variations,Apr15,2026-04-15,dropshipper review,broad
Judge.me Product Reviews App,Search_EN_Review-variations_2024.04.29,2026-01-16,2026-04-15,UTC,USD,dropshipping review,broad,paused,1.67,0,0,0.0,0,0.0,0.0,0.0,0.0,0.0,0.0,,,,,,Review-variations,Apr15,2026-04-15,dropshipping review,broad
Judge.me Product Reviews App,Search_EN_Review-variations_2024.04.29,2026-01-16,2026-04-15,UTC,USD,free product review,broad,paused,3.0,0,0,0.0,0,0.0,0.0,0.0,0.0,0.0,0.0,,,,,,Review-variations,Apr15,2026-04-15,free product review,broad
Judge.me Product Reviews App,Search_EN_Review-variations_2024.04.29,2026-01-16,2026-04-15,UTC,USD,free review,broad,paused,2.45,0,0,0.0,0,0.0,0.0,0.0,0.0,0.0,0.0,,,,,,Review-variations,Apr15,2026-04-15,free review,broad
Judge.me Product Reviews App,Search_EN_Review-variations_2024.04.29,2026-01-16,2026-04-15,UTC,USD,review importer,broad,paused,3.0,0,0,0.0,0,0.0,0.0,0.0,0.0,0.0,0.0,,,,,,Review-variations,Apr15,2026-04-15,review importer,broad
Judge.me Product Reviews App,Search_EN_Review-variations_2024.04.29,2026-01-16,2026-04-15,UTC,USD,review import,broad,paused,3.0,0,0,0.0,0,0.0,0.0,0.0,0.0,0.0,0.0,,,,,,Review-variations,Apr15,2026-04-15,review import,broad
Judge.me Product Reviews App,Search_EN_Review-variations_2024.04.29,2026-01-16,2026-04-15,UTC,USD,import review,broad,paused,2.0,0,0,0.0,0,0.0,0.0,0.0,0.0,0.0,0.0,,,,,,Review-variations,Apr15,2026-04-15,import review,broad
Judge.me Product Reviews App,Search_EN_Review-variations_2024.04.29,2026-01-16,2026-04-15,UTC,USD,shopify review,broad,paused,2.0,0,0,0.0,0,0.0,0.0,0.0,0.0,0.0,0.0,,,,,,Review-variations,Apr15,2026-04-15,shopify review,broad
Judge.me Product Reviews App,Search_EN_Review-variations_2024.04.29,2026-01-16,2026-04-15,UTC,USD,product review,broad,paused,2.11,0,0,0.0,0,0.0,0.0,0.0,0.0,0.0,0.0,,,,,,Review-variations,Apr15,2026-04-15,product review,broad
Judge.me Product Reviews App,Search_EN_Review-variations_2024.04.29,2026-01-16,2026-04-15,UTC,USD,review app,broad,paused,4.0,0,0,0.0,0,0.0,0.0,0.0,0.0,0.0,0.0,,,,,,Review-variations,Apr15,2026-04-15,review app,broad
Judge.me Product Reviews App,Search_EN_Review-variations_2024.04.29,2026-01-16,2026-04-15,UTC,USD,reviews,broad,paused,4.05,0,0,0.0,0,0.0,0.0,0.0,0.0,0.0,0.0,,,,,,Review-variations,Apr15,2026-04-15,reviews,broad
Judge.me Product Reviews App,Search_EN_Review-variations_2024.04.29,2026-01-16,2026-04-15,UTC,USD,buyer reviews,exact,paused,3.0,0,0,0.0,0,0.0,0.0,0.0,0.0,0.0,0.0,,,,,,Review-variations,Apr15,2026-04-15,buyer reviews,exact
Judge.me Product Reviews App,Search_EN_Review-variations_2024.04.29,2026-01-16,2026-04-15,UTC,USD,reviews with images,exact,paused,3.0,0,0,0.0,0,0.0,0.0,0.0,0.0,0.0,0.0,,,,,,Review-variations,Apr15,2026-04-15,reviews with images,exact
Judge.me Product Reviews App,Search_EN_Review-variations_2024.04.29,2026-01-16,2026-04-15,UTC,USD,import etsy reviews,exact,paused,3.0,0,0,0.0,0,0.0,0.0,0.0,0.0,0.0,0.0,,,,,,Review-variations,Apr15,2026-04-15,import etsy reviews,exact
Judge.me Product Reviews App,Search_EN_Review-variations_2024.04.29,2026-01-16,2026-04-15,UTC,USD,verified review,exact,paused,3.0,0,0,0.0,0,0.0,0.0,0.0,0.0,0.0,0.0,,,,,,Review-variations,Apr15,2026-04-15,verified review,exact
Judge.me Product Reviews App,Search_EN_Review-variations_2024.04.29,2026-01-16,2026-04-15,UTC,USD,import ebay reviews,exact,paused,3.0,0,0,0.0,0,0.0,0.0,0.0,0.0,0.0,0.0,,,,,,Review-variations,Apr15,2026-04-15,import ebay reviews,exact
Judge.me Product Reviews App,Search_EN_Review-variations_2024.04.29,2026-01-16,2026-04-15,UTC,USD,testimonials app,exact,active,3.0,0,0,0.0,0,0.0,0.0,0.0,0.0,0.0,0.0,,,,,,Review-variations,Apr15,2026-04-15,testimonials app,exact
Judge.me Product Reviews App,Search_EN_Review-variations_2024.04.29,2026-01-16,2026-04-15,UTC,USD,export reviews,exact,paused,3.0,0,0,0.0,0,0.0,0.0,0.0,0.0,0.0,0.0,,,,,,Review-variations,Apr15,2026-04-15,export reviews,exact
Judge.me Product Reviews App,Search_EN_Review-variations_2024.04.29,2026-01-16,2026-04-15,UTC,USD,export amazon reviews,exact,paused,3.0,0,0,0.0,0,0.0,0.0,0.0,0.0,0.0,0.0,,,,,,Review-variations,Apr15,2026-04-15,export amazon reviews,exact
Judge.me Product Reviews App,Search_EN_Review-variations_2024.04.29,2026-01-16,2026-04-15,UTC,USD,adding product reviews,exact,paused,3.0,0,0,0.0,0,0.0,0.0,0.0,0.0,0.0,0.0,,,,,,Review-variations,Apr15,2026-04-15,adding product reviews,exact
Judge.me Product Reviews App,Search_EN_Review-variations_2024.04.29,2026-01-16,2026-04-15,UTC,USD,reviews in shopify,exact,paused,3.0,0,0,0.0,0,0.0,0.0,0.0,0.0,0.0,0.0,,,,,,Review-variations,Apr15,2026-04-15,reviews in shopify,exact
Judge.me Product Reviews App,Search_EN_Review-variations_2024.04.29,2026-01-16,2026-04-15,UTC,USD,import amazon reviews,exact,paused,3.0,0,0,0.0,0,0.0,0.0,0.0,0.0,0.0,0.0,,,,,,Review-variations,Apr15,2026-04-15,import amazon reviews,exact
Judge.me Product Reviews App,Search_EN_Review-variations_2024.04.29,2026-01-16,2026-04-15,UTC,USD,feedback app,exact,paused,3.0,0,0,0.0,0,0.0,0.0,0.0,0.0,0.0,0.0,,,,,,Review-variations,Apr15,2026-04-15,feedback app,exact
Judge.me Product Reviews App,Search_EN_Review-variations_2024.04.29,2026-01-16,2026-04-15,UTC,USD,get reviews,exact,paused,3.0,0,0,0.0,0,0.0,0.0,0.0,0.0,0.0,0.0,,,,,,Review-variations,Apr15,2026-04-15,get reviews,exact
Judge.me Product Reviews App,Search_EN_Review-variations_2024.04.29,2026-01-16,2026-04-15,UTC,USD,shopify reviews,exact,paused,3.19,0,0,0.0,0,0.0,0.0,0.0,0.0,0.0,0.0,,,,,,Review-variations,Apr15,2026-04-15,shopify reviews,exact
Judge.me Product Reviews App,Search_EN_Review-variations_2024.04.29,2026-01-16,2026-04-15,UTC,USD,review plugin,exact,paused,3.0,0,0,0.0,0,0.0,0.0,0.0,0.0,0.0,0.0,,,,,,Review-variations,Apr15,2026-04-15,review plugin,exact
Judge.me Product Reviews App,Search_EN_Review-variations_2024.04.29,2026-01-16,2026-04-15,UTC,USD,amazon reviews,exact,paused,3.69,0,0,0.0,0,0.0,0.0,0.0,0.0,0.0,0.0,,,,,,Review-variations,Apr15,2026-04-15,amazon reviews,exact
Judge.me Product Reviews App,Search_EN_Review-variations_2024.04.29,2026-01-16,2026-04-15,UTC,USD,app for reviews,exact,paused,3.0,0,0,0.0,0,0.0,0.0,0.0,0.0,0.0,0.0,,,,,,Review-variations,Apr15,2026-04-15,app for reviews,exact
Judge.me Product Reviews App,Search_EN_Review-variations_2024.04.29,2026-01-16,2026-04-15,UTC,USD,product app,exact,paused,3.0,0,0,0.0,0,0.0,0.0,0.0,0.0,0.0,0.0,,,,,,Review-variations,Apr15,2026-04-15,product app,exact
Judge.me Product Reviews App,Search_EN_Review-variations_2024.04.29,2026-01-16,2026-04-15,UTC,USD,ugc app,exact,paused,3.0,0,0,0.0,0,0.0,0.0,0.0,0.0,0.0,0.0,,,,,,Review-variations,Apr15,2026-04-15,ugc app,exact
Judge.me Product Reviews App,Search_EN_Review-variations_2024.04.29,2026-01-16,2026-04-15,UTC,USD,reviews for store,exact,paused,3.0,0,0,0.0,0,0.0,0.0,0.0,0.0,0.0,0.0,,,,,,Review-variations,Apr15,2026-04-15,reviews for store,exact
Judge.me Product Reviews App,Search_EN_Review-variations_2024.04.29,2026-01-16,2026-04-15,UTC,USD,google review,exact,paused,3.75,0,0,0.0,0,0.0,0.0,0.0,0.0,0.0,0.0,,,,,,Review-variations,Apr15,2026-04-15,google review,exact
Judge.me Product Reviews App,Search_EN_Review-variations_2024.04.29,2026-01-16,2026-04-15,UTC,USD,adding reviews,exact,paused,3.0,0,0,0.0,0,0.0,0.0,0.0,0.0,0.0,0.0,,,,,,Review-variations,Apr15,2026-04-15,adding reviews,exact
Judge.me Product Reviews App,Search_EN_Review-variations_2024.04.29,2026-01-16,2026-04-15,UTC,USD,store review,exact,paused,3.0,0,0,0.0,0,0.0,0.0,0.0,0.0,0.0,0.0,,,,,,Review-variations,Apr15,2026-04-15,store review,exact
Judge.me Product Reviews App,Search_EN_Review-variations_2024.04.29,2026-01-16,2026-04-15,UTC,USD,pos review,exact,paused,3.0,0,0,0.0,0,0.0,0.0,0.0,0.0,0.0,0.0,,,,,,Review-variations,Apr15,2026-04-15,pos review,exact
Judge.me Product Reviews App,Search_EN_Review-variations_2024.04.29,2026-01-16,2026-04-15,UTC,USD,customer testimonial,exact,paused,3.0,0,0,0.0,0,0.0,0.0,0.0,0.0,0.0,0.0,,,,,,Review-variations,Apr15,2026-04-15,customer testimonial,exact
Judge.me Product Reviews App,Search_EN_Review-variations_2024.04.29,2026-01-16,2026-04-15,UTC,USD,customer feedback,exact,paused,3.0,0,0,0.0,0,0.0,0.0,0.0,0.0,0.0,0.0,,,,,,Review-variations,Apr15,2026-04-15,customer feedback,exact
Judge.me Product Reviews App,Search_EN_Review-variations_2024.04.29,2026-01-16,2026-04-15,UTC,USD,customer review,exact,paused,3.72,0,0,0.0,0,0.0,0.0,0.0,0.0,0.0,0.0,,,,,,Review-variations,Apr15,2026-04-15,customer review,exact
Judge.me Product Reviews App,Search_EN_Review-variations_2024.04.29,2026-01-16,2026-04-15,UTC,USD,video review,exact,paused,3.0,0,0,0.0,0,0.0,0.0,0.0,0.0,0.0,0.0,,,,,,Review-variations,Apr15,2026-04-15,video review,exact
Judge.me Product Reviews App,Search_EN_Review-variations_2024.04.29,2026-01-16,2026-04-15,UTC,USD,photo review,exact,paused,3.0,0,0,0.0,0,0.0,0.0,0.0,0.0,0.0,0.0,,,,,,Review-variations,Apr15,2026-04-15,photo review,exact
Judge.me Product Reviews App,Search_EN_Review-variations_2024.04.29,2026-01-16,2026-04-15,UTC,USD,dropshipper review,exact,paused,3.0,0,0,0.0,0,0.0,0.0,0.0,0.0,0.0,0.0,,,,,,Review-variations,Apr15,2026-04-15,dropshipper review,exact
Judge.me Product Reviews App,Search_EN_Review-variations_2024.04.29,2026-01-16,2026-04-15,UTC,USD,dropshipping review,exact,paused,3.0,0,0,0.0,0,0.0,0.0,0.0,0.0,0.0,0.0,,,,,,Review-variations,Apr15,2026-04-15,dropshipping review,exact
Judge.me Product Reviews App,Search_EN_Review-variations_2024.04.29,2026-01-16,2026-04-15,UTC,USD,free product review,exact,paused,3.0,0,0,0.0,0,0.0,0.0,0.0,0.0,0.0,0.0,,,,,,Review-variations,Apr15,2026-04-15,free product review,exact
Judge.me Product Reviews App,Search_EN_Review-variations_2024.04.29,2026-01-16,2026-04-15,UTC,USD,free review,exact,paused,2.5,0,0,0.0,0,0.0,0.0,0.0,0.0,0.0,0.0,,,,,,Review-variations,Apr15,2026-04-15,free review,exact
Judge.me Product Reviews App,Search_EN_Review-variations_2024.04.29,2026-01-16,2026-04-15,UTC,USD,best review,exact,paused,3.0,0,0,0.0,0,0.0,0.0,0.0,0.0,0.0,0.0,,,,,,Review-variations,Apr15,2026-04-15,best review,exact
Judge.me Product Reviews App,Search_EN_Review-variations_2024.04.29,2026-01-16,2026-04-15,UTC,USD,review importer,exact,paused,3.79,0,0,0.0,0,0.0,0.0,0.0,0.0,0.0,0.0,,,,,,Review-variations,Apr15,2026-04-15,review importer,exact
Judge.me Product Reviews App,Search_EN_Review-variations_2024.04.29,2026-01-16,2026-04-15,UTC,USD,review import,exact,paused,3.5,0,0,0.0,0,0.0,0.0,0.0,0.0,0.0,0.0,,,,,,Review-variations,Apr15,2026-04-15,review import,exact
Judge.me Product Reviews App,Search_EN_Review-variations_2024.04.29,2026-01-16,2026-04-15,UTC,USD,import review,exact,paused,2.5,0,0,0.0,0,0.0,0.0,0.0,0.0,0.0,0.0,,,,,,Review-variations,Apr15,2026-04-15,import review,exact
Judge.me Product Reviews App,Search_EN_Review-variations_2024.04.29,2026-01-16,2026-04-15,UTC,USD,shopify review,exact,paused,3.37,0,0,0.0,0,0.0,0.0,0.0,0.0,0.0,0.0,,,,,,Review-variations,Apr15,2026-04-15,shopify review,exact
Judge.me Product Reviews App,Search_EN_Review-variations_2024.04.29,2026-01-16,2026-04-15,UTC,USD,product review,exact,paused,3.96,0,0,0.0,0,0.0,0.0,0.0,0.0,0.0,0.0,,,,,,Review-variations,Apr15,2026-04-15,product review,exact
Judge.me Product Reviews App,Search_EN_Review-variations_2024.04.29,2026-01-16,2026-04-15,UTC,USD,review app,exact,paused,4.01,0,0,0.0,0,0.0,0.0,0.0,0.0,0.0,0.0,,,,,,Review-variations,Apr15,2026-04-15,review app,exact
Judge.me Product Reviews App,Search_EN_Trust_2025.03.17,2026-01-16,2026-04-15,UTC,USD,social proof,broad,active,5.0,2935,54,0.018398,30,0.555555,5.0,9.0,270.0,3.196933,0.230938,,,,,,Trust,Apr15,2026-04-15,social proof,broad
Judge.me Product Reviews App,Search_EN_Trust_2025.03.17,2026-01-16,2026-04-15,UTC,USD,stars,broad,active,7.0,1274,110,0.086342,81,0.736363,5.545454,7.530864,610.0,2.092621,0.613975,3.0,105.92,0.173639,203.333333,0.037037,Trust,Apr15,2026-04-15,stars,broad
Judge.me Product Reviews App,Search_EN_Trust_2025.03.17,2026-01-16,2026-04-15,UTC,USD,comments,broad,active,4.0,578,93,0.160899,54,0.580645,4.0,6.888888,372.0,1.361591,0.591002,2.0,45.22,0.121559,186.0,0.037037,Trust,Apr15,2026-04-15,comments,broad
Judge.me Product Reviews App,Search_EN_Trust_2025.03.17,2026-01-16,2026-04-15,UTC,USD,question,broad,active,8.0,321,8,0.024922,2,0.25,8.0,32.0,64.0,1.663551,0.516908,,,,,,Trust,Apr15,2026-04-15,question,broad
Judge.me Product Reviews App,Search_EN_Trust_2025.03.17,2026-01-16,2026-04-15,UTC,USD,rating widget,exact,active,3.0,3,0,0.0,0,0.0,0.0,0.0,0.0,4.333333,0.230769,,,,,,Trust,Apr15,2026-04-15,rating widget,exact
Judge.me Product Reviews App,Search_EN_Trust_2025.03.17,2026-01-16,2026-04-15,UTC,USD,trust,broad,paused,4.0,0,0,0.0,0,0.0,0.0,0.0,0.0,0.0,0.0,,,,,,Trust,Apr15,2026-04-15,trust,broad
