App Name,Ad Name,Start Date,End Date,Time Zone,Currency,Keyword,Match Type,Status,Bid,Impressions,Clicks,Click Through Rate,Installs,Install Rate,Cost Per Click,Cost Per Install,Spend,Average Position,Visibility,Customers,Revenue,Return On Spend,Cost Per Customer,Conversion Rate,Campaign
Judge.me Product Reviews App,Search_EN_Trust_2025.03.17,2026-02-24,2026-03-17,UTC,USD,social proof,broad,active,5.0,676,6,0.008875,3,0.5,5.0,10.0,30.0,3.322485,0.210986,,,,,,Trust
Judge.me Product Reviews App,Search_EN_Trust_2025.03.17,2026-02-24,2026-03-17,UTC,USD,stars,broad,active,5.0,264,19,0.071969,16,0.842105,5.0,5.9375,95.0,2.314393,0.586666,,,,,,Trust
Judge.me Product Reviews App,Search_EN_Trust_2025.03.17,2026-02-24,2026-03-17,UTC,USD,comments,broad,active,4.0,121,22,0.181818,14,0.636363,4.0,6.285714,88.0,1.256198,0.626943,,,,,,Trust
Judge.me Product Reviews App,Search_EN_Trust_2025.03.17,2026-02-24,2026-03-17,UTC,USD,question,broad,active,8.0,74,2,0.027027,0,0.0,8.0,0.0,16.0,1.5,0.560606,,,,,,Trust
Judge.me Product Reviews App,Search_EN_Trust_2025.03.17,2026-02-24,2026-03-17,UTC,USD,rating widget,exact,active,3.0,2,0,0.0,0,0.0,0.0,0.0,0.0,3.0,0.4,,,,,,Trust
Judge.me Product Reviews App,Search_EN_Trust_2025.03.17,2026-02-24,2026-03-17,UTC,USD,trust,broad,paused,4.0,0,0,0.0,0,0.0,0.0,0.0,0.0,0.0,0.0,,,,,,Trust
Judge.me Product Reviews App,Search_EN_Features_2024.08.19,2026-02-24,2026-03-17,UTC,USD,amazon reviews importer,broad,active,5.0,3140,192,0.061146,142,0.739583,5.0,6.760563,960.0,2.672611,0.26644,1.0,15.0,0.015625,960.0,0.007042,Features
Judge.me Product Reviews App,Search_EN_Features_2024.08.19,2026-02-24,2026-03-17,UTC,USD,etsy importer,broad,active,5.0,1234,68,0.055105,43,0.632352,5.0,7.906976,340.0,2.47893,0.176361,,,,,,Features
Judge.me Product Reviews App,Search_EN_Features_2024.08.19,2026-02-24,2026-03-17,UTC,USD,carousel,broad,active,6.0,454,13,0.028634,4,0.307692,6.0,19.5,78.0,2.030837,0.436538,,,,,,Features
Judge.me Product Reviews App,Search_EN_Features_2024.08.19,2026-02-24,2026-03-17,UTC,USD,ugc,broad,active,7.0,350,5,0.014285,5,1.0,7.0,7.0,35.0,2.511428,0.433705,,,,,,Features
Judge.me Product Reviews App,Search_EN_Features_2024.08.19,2026-02-24,2026-03-17,UTC,USD,reviews importer,exact,active,4.0,326,58,0.177914,39,0.672413,3.986206,5.928205,231.2,1.266871,0.964497,,,,,,Features
Judge.me Product Reviews App,Search_EN_Features_2024.08.19,2026-02-24,2026-03-17,UTC,USD,aliexpress reviews,exact,active,4.0,233,6,0.025751,5,0.833333,4.0,4.8,24.0,2.845493,0.932,,,,,,Features
Judge.me Product Reviews App,Search_EN_Features_2024.08.19,2026-02-24,2026-03-17,UTC,USD,amazon reviews,exact,active,3.0,222,22,0.099099,13,0.590909,3.0,5.076923,66.0,2.0,0.94468,,,,,,Features
Judge.me Product Reviews App,Search_EN_Features_2024.08.19,2026-02-24,2026-03-17,UTC,USD,review importer,exact,active,4.5,215,36,0.167441,30,0.833333,4.449999,5.34,160.2,1.097674,0.955555,,,,,,Features
Judge.me Product Reviews App,Search_EN_Features_2024.08.19,2026-02-24,2026-03-17,UTC,USD,referrals,broad,active,4.0,80,2,0.025,2,1.0,4.0,4.0,8.0,3.4875,0.084299,,,,,,Features
Judge.me Product Reviews App,Search_EN_Features_2024.08.19,2026-02-24,2026-03-17,UTC,USD,q&a,broad,active,6.0,75,2,0.026666,0,0.0,6.0,0.0,12.0,1.346666,0.563909,,,,,,Features
Judge.me Product Reviews App,Search_EN_Features_2024.08.19,2026-02-24,2026-03-17,UTC,USD,rich snippet,broad,active,5.0,72,1,0.013888,0,0.0,5.0,0.0,5.0,1.666666,0.5625,,,,,,Features
Judge.me Product Reviews App,Search_EN_Features_2024.08.19,2026-02-24,2026-03-17,UTC,USD,coupons,broad,active,2.0,33,0,0.0,0,0.0,0.0,0.0,0.0,4.393939,0.059352,,,,,,Features
Judge.me Product Reviews App,Search_EN_Features_2024.08.19,2026-02-24,2026-03-17,UTC,USD,question,broad,active,5.0,12,0,0.0,0,0.0,0.0,0.0,0.0,1.666666,0.923076,,,,,,Features
Judge.me Product Reviews App,Search_EN_Features_2024.08.19,2026-02-24,2026-03-17,UTC,USD,ucg,broad,active,4.0,4,0,0.0,0,0.0,0.0,0.0,0.0,1.0,0.571428,,,,,,Features
Judge.me Product Reviews App,Search_EN_Features_2024.08.19,2026-02-24,2026-03-17,UTC,USD,review syndication,exact,active,4.0,0,0,0.0,0,0.0,0.0,0.0,0.0,0.0,0.0,,,,,,Features
Judge.me Product Reviews App,Search_EN_Features_2024.08.19,2026-02-24,2026-03-17,UTC,USD,review carousel,broad,active,3.5,0,0,0.0,0,0.0,0.0,0.0,0.0,0.0,0.0,,,,,,Features
Judge.me Product Reviews App,Search_EN_Features_2024.08.19,2026-02-24,2026-03-17,UTC,USD,ebay reviews importer,exact,active,4.0,0,0,0.0,0,0.0,0.0,0.0,0.0,0.0,0.0,,,,,,Features
Judge.me Product Reviews App,Search_EN_Features_2024.08.19,2026-02-24,2026-03-17,UTC,USD,google shopping reviews,exact,active,4.0,0,0,0.0,0,0.0,0.0,0.0,0.0,0.0,0.0,,,,,,Features
Judge.me Product Reviews App,Search_EN_Features_2024.08.19,2026-02-24,2026-03-17,UTC,USD,review request email,exact,active,3.5,0,0,0.0,0,0.0,0.0,0.0,0.0,0.0,0.0,,,,,,Features
Judge.me Product Reviews App,Search_EN_Features_2024.08.19,2026-02-24,2026-03-17,UTC,USD,google reviews,exact,active,4.0,0,0,0.0,0,0.0,0.0,0.0,0.0,0.0,0.0,,,,,,Features
Judge.me Product Reviews App,Search_EN_Features_2024.08.19,2026-02-24,2026-03-17,UTC,USD,etsy reviews importer,broad,active,1.0,0,0,0.0,0,0.0,0.0,0.0,0.0,0.0,0.0,,,,,,Features
Judge.me Product Reviews App,Search_EN_Features_2024.08.19,2026-02-24,2026-03-17,UTC,USD,amazon importer,broad,paused,5.0,0,0,0.0,0,0.0,0.0,0.0,0.0,0.0,0.0,,,,,,Features
Judge.me Product Reviews App,Search_EN_Features_2024.08.19,2026-02-24,2026-03-17,UTC,USD,import etsy,broad,active,1.0,0,0,0.0,0,0.0,0.0,0.0,0.0,0.0,0.0,,,,,,Features
Judge.me Product Reviews App,Search_EN_Features_2024.08.19,2026-02-24,2026-03-17,UTC,USD,import amazon,broad,active,1.0,0,0,0.0,0,0.0,0.0,0.0,0.0,0.0,0.0,,,,,,Features
Judge.me Product Reviews App,Search_EN_Features_2024.08.19,2026-02-24,2026-03-17,UTC,USD,coupon,broad,active,2.0,0,0,0.0,0,0.0,0.0,0.0,0.0,0.0,0.0,,,,,,Features
Judge.me Product Reviews App,Search_EN_Features_2024.08.19,2026-02-24,2026-03-17,UTC,USD,referral,broad,active,4.0,0,0,0.0,0,0.0,0.0,0.0,0.0,0.0,0.0,,,,,,Features
Judge.me Product Reviews App,Search_EN_Competitors_2024.08.12,2026-02-24,2026-03-17,UTC,USD,loox,exact,active,3.0,2114,85,0.040208,52,0.611764,3.0,4.903846,255.0,1.023178,0.948407,,,,,,Competitors
Judge.me Product Reviews App,Search_EN_Competitors_2024.08.12,2026-02-24,2026-03-17,UTC,USD,trustoo,exact,active,2.5,1277,35,0.027407,21,0.6,2.5,4.166666,87.5,2.176977,0.951564,,,,,,Competitors
Judge.me Product Reviews App,Search_EN_Competitors_2024.08.12,2026-02-24,2026-03-17,UTC,USD,trustpilot,exact,active,2.5,784,46,0.058673,23,0.5,2.5,5.0,115.0,1.140306,0.956097,,,,,,Competitors
Judge.me Product Reviews App,Search_EN_Competitors_2024.08.12,2026-02-24,2026-03-17,UTC,USD,trustoo reviews,exact,active,3.0,329,15,0.045592,9,0.6,3.0,5.0,45.0,1.753799,0.918994,,,,,,Competitors
Judge.me Product Reviews App,Search_EN_Competitors_2024.08.12,2026-02-24,2026-03-17,UTC,USD,loox reviews,exact,active,3.5,315,13,0.041269,10,0.76923,3.5,4.55,45.5,1.101587,0.929203,,,,,,Competitors
Judge.me Product Reviews App,Search_EN_Competitors_2024.08.12,2026-02-24,2026-03-17,UTC,USD,okendo,exact,active,5.0,312,9,0.028846,5,0.555555,4.833333,8.7,43.5,1.115384,0.928571,,,,,,Competitors
Judge.me Product Reviews App,Search_EN_Competitors_2024.08.12,2026-02-24,2026-03-17,UTC,USD,trustoo.io reviews,exact,active,3.0,307,4,0.013029,2,0.5,3.0,6.0,12.0,2.283387,0.887283,,,,,,Competitors
Judge.me Product Reviews App,Search_EN_Competitors_2024.08.12,2026-02-24,2026-03-17,UTC,USD,yotpo reviews,exact,active,3.5,138,3,0.021739,2,0.666666,3.5,5.25,10.5,2.362318,0.766666,,,,,,Competitors
Judge.me Product Reviews App,Search_EN_Competitors_2024.08.12,2026-02-24,2026-03-17,UTC,USD,stamped.io,exact,active,3.0,111,2,0.018018,1,0.5,3.0,6.0,6.0,2.27027,0.917355,,,,,,Competitors
Judge.me Product Reviews App,Search_EN_Competitors_2024.08.12,2026-02-24,2026-03-17,UTC,USD,loox review,exact,active,3.0,108,8,0.074074,6,0.75,2.875,3.833333,23.0,1.203703,0.972972,,,,,,Competitors
Judge.me Product Reviews App,Search_EN_Competitors_2024.08.12,2026-02-24,2026-03-17,UTC,USD,klaviyo reviews,exact,active,2.0,57,1,0.017543,1,1.0,2.0,2.0,2.0,3.315789,0.463414,,,,,,Competitors
Judge.me Product Reviews App,Search_EN_Competitors_2024.08.12,2026-02-24,2026-03-17,UTC,USD,rivo reviews,exact,active,3.0,35,0,0.0,0,0.0,0.0,0.0,0.0,1.971428,0.875,,,,,,Competitors
Judge.me Product Reviews App,Search_EN_Competitors_2024.08.12,2026-02-24,2026-03-17,UTC,USD,loox - photo reviews,exact,active,3.0,21,0,0.0,0,0.0,0.0,0.0,0.0,3.047619,0.456521,,,,,,Competitors
Judge.me Product Reviews App,Search_EN_Competitors_2024.08.12,2026-02-24,2026-03-17,UTC,USD,loox,broad,active,3.5,17,1,0.058823,1,1.0,3.5,3.5,3.5,2.705882,0.265625,,,,,,Competitors
Judge.me Product Reviews App,Search_EN_Competitors_2024.08.12,2026-02-24,2026-03-17,UTC,USD,trustpilot,broad,active,2.0,16,2,0.125,1,0.5,2.0,4.0,4.0,2.1875,0.761904,,,,,,Competitors
Judge.me Product Reviews App,Search_EN_Competitors_2024.08.12,2026-02-24,2026-03-17,UTC,USD,stamped reviews,exact,active,3.0,1,0,0.0,0,0.0,0.0,0.0,0.0,4.0,0.090909,,,,,,Competitors
Judge.me Product Reviews App,Search_EN_Competitors_2024.08.12,2026-02-24,2026-03-17,UTC,USD,tydal reviews,exact,active,2.0,1,0,0.0,0,0.0,0.0,0.0,0.0,2.0,0.01282,,,,,,Competitors
Judge.me Product Reviews App,Search_EN_Competitors_2024.08.12,2026-02-24,2026-03-17,UTC,USD,reviews io,exact,active,2.0,1,0,0.0,0,0.0,0.0,0.0,0.0,3.0,0.029411,,,,,,Competitors
Judge.me Product Reviews App,Search_EN_Competitors_2024.08.12,2026-02-24,2026-03-17,UTC,USD,vitals reviews,exact,active,2.5,0,0,0.0,0,0.0,0.0,0.0,0.0,0.0,0.0,,,,,,Competitors
Judge.me Product Reviews App,Search_EN_Competitors_2024.08.12,2026-02-24,2026-03-17,UTC,USD,growave reviews,exact,active,2.5,0,0,0.0,0,0.0,0.0,0.0,0.0,0.0,0.0,,,,,,Competitors
Judge.me Product Reviews App,Search_EN_Competitors_2024.08.12,2026-02-24,2026-03-17,UTC,USD,fera reviews,exact,active,2.5,0,0,0.0,0,0.0,0.0,0.0,0.0,0.0,0.0,,,,,,Competitors
Judge.me Product Reviews App,Search_EN_Competitors_2024.08.12,2026-02-24,2026-03-17,UTC,USD,rivo reviews & ugc,exact,active,1.0,0,0,0.0,0,0.0,0.0,0.0,0.0,0.0,0.0,,,,,,Competitors
Judge.me Product Reviews App,Search_EN_Competitors_2024.08.12,2026-02-24,2026-03-17,UTC,USD,rivo product reviews app & ugc,exact,active,1.0,0,0,0.0,0,0.0,0.0,0.0,0.0,0.0,0.0,,,,,,Competitors
Judge.me Product Reviews App,Search_EN_Competitors_2024.08.12,2026-02-24,2026-03-17,UTC,USD,loox photo reviews,exact,active,3.0,0,0,0.0,0,0.0,0.0,0.0,0.0,0.0,0.0,,,,,,Competitors
Judge.me Product Reviews App,Search_EN_Competitors_2024.08.12,2026-02-24,2026-03-17,UTC,USD,loox product reviews,exact,active,3.0,0,0,0.0,0,0.0,0.0,0.0,0.0,0.0,0.0,,,,,,Competitors
Judge.me Product Reviews App,Search_EN_Competitors_2024.08.12,2026-02-24,2026-03-17,UTC,USD,loox product reviews & photo,exact,active,1.0,0,0,0.0,0,0.0,0.0,0.0,0.0,0.0,0.0,,,,,,Competitors
Judge.me Product Reviews App,Search_EN_Competitors_2024.08.12,2026-02-24,2026-03-17,UTC,USD,loox product reviews & photos,exact,active,2.0,0,0,0.0,0,0.0,0.0,0.0,0.0,0.0,0.0,,,,,,Competitors
Judge.me Product Reviews App,Search_EN_Competitors_2024.08.12,2026-02-24,2026-03-17,UTC,USD,loox- product review app,exact,active,1.0,0,0,0.0,0,0.0,0.0,0.0,0.0,0.0,0.0,,,,,,Competitors
Judge.me Product Reviews App,Search_EN_Competitors_2024.08.12,2026-02-24,2026-03-17,UTC,USD,lukes reviews,exact,active,1.0,0,0,0.0,0,0.0,0.0,0.0,0.0,0.0,0.0,,,,,,Competitors
Judge.me Product Reviews App,Search_EN_Competitors_2024.08.12,2026-02-24,2026-03-17,UTC,USD,lux reviews,exact,active,1.0,0,0,0.0,0,0.0,0.0,0.0,0.0,0.0,0.0,,,,,,Competitors
Judge.me Product Reviews App,Search_EN_Competitors_2024.08.12,2026-02-24,2026-03-17,UTC,USD,okendo review,exact,active,2.0,0,0,0.0,0,0.0,0.0,0.0,0.0,0.0,0.0,,,,,,Competitors
Judge.me Product Reviews App,Search_EN_Competitors_2024.08.12,2026-02-24,2026-03-17,UTC,USD,okendo reviews,exact,active,1.0,0,0,0.0,0,0.0,0.0,0.0,0.0,0.0,0.0,,,,,,Competitors
Judge.me Product Reviews App,Search_EN_Competitors_2024.08.12,2026-02-24,2026-03-17,UTC,USD,okendo: reviews,exact,active,1.0,0,0,0.0,0,0.0,0.0,0.0,0.0,0.0,0.0,,,,,,Competitors
Judge.me Product Reviews App,Search_EN_Competitors_2024.08.12,2026-02-24,2026-03-17,UTC,USD,reviews io.,exact,active,1.0,0,0,0.0,0,0.0,0.0,0.0,0.0,0.0,0.0,,,,,,Competitors
Judge.me Product Reviews App,Search_EN_Competitors_2024.08.12,2026-02-24,2026-03-17,UTC,USD,ryvio reviews,exact,active,1.0,0,0,0.0,0,0.0,0.0,0.0,0.0,0.0,0.0,,,,,,Competitors
Judge.me Product Reviews App,Search_EN_Competitors_2024.08.12,2026-02-24,2026-03-17,UTC,USD,ryviu - product reviews,exact,active,1.0,0,0,0.0,0,0.0,0.0,0.0,0.0,0.0,0.0,,,,,,Competitors
Judge.me Product Reviews App,Search_EN_Competitors_2024.08.12,2026-02-24,2026-03-17,UTC,USD,ryviu aliexpress review importer,exact,active,1.0,0,0,0.0,0,0.0,0.0,0.0,0.0,0.0,0.0,,,,,,Competitors
Judge.me Product Reviews App,Search_EN_Competitors_2024.08.12,2026-02-24,2026-03-17,UTC,USD,ryviu- prouduct review,exact,active,1.0,0,0,0.0,0,0.0,0.0,0.0,0.0,0.0,0.0,,,,,,Competitors
Judge.me Product Reviews App,Search_EN_Competitors_2024.08.12,2026-02-24,2026-03-17,UTC,USD,ryviu: aliexpress reviews app,exact,active,1.0,0,0,0.0,0,0.0,0.0,0.0,0.0,0.0,0.0,,,,,,Competitors
Judge.me Product Reviews App,Search_EN_Competitors_2024.08.12,2026-02-24,2026-03-17,UTC,USD,ryviu: product reviews,exact,active,1.0,0,0,0.0,0,0.0,0.0,0.0,0.0,0.0,0.0,,,,,,Competitors
Judge.me Product Reviews App,Search_EN_Competitors_2024.08.12,2026-02-24,2026-03-17,UTC,USD,ryviu: product reviews & qa,exact,active,1.0,0,0,0.0,0,0.0,0.0,0.0,0.0,0.0,0.0,,,,,,Competitors
Judge.me Product Reviews App,Search_EN_Competitors_2024.08.12,2026-02-24,2026-03-17,UTC,USD,ryviu: reviews,exact,active,1.0,0,0,0.0,0,0.0,0.0,0.0,0.0,0.0,0.0,,,,,,Competitors
Judge.me Product Reviews App,Search_EN_Competitors_2024.08.12,2026-02-24,2026-03-17,UTC,USD,ryviu: reviews & q,exact,active,1.0,0,0,0.0,0,0.0,0.0,0.0,0.0,0.0,0.0,,,,,,Competitors
Judge.me Product Reviews App,Search_EN_Competitors_2024.08.12,2026-02-24,2026-03-17,UTC,USD,ryviu: reviews & qa,exact,active,1.0,0,0,0.0,0,0.0,0.0,0.0,0.0,0.0,0.0,,,,,,Competitors
Judge.me Product Reviews App,Search_EN_Competitors_2024.08.12,2026-02-24,2026-03-17,UTC,USD,trusstoo.oi reviews,exact,active,1.0,0,0,0.0,0,0.0,0.0,0.0,0.0,0.0,0.0,,,,,,Competitors
Judge.me Product Reviews App,Search_EN_Competitors_2024.08.12,2026-02-24,2026-03-17,UTC,USD,trust pilot reviews,exact,active,1.0,0,0,0.0,0,0.0,0.0,0.0,0.0,0.0,0.0,,,,,,Competitors
Judge.me Product Reviews App,Search_EN_Competitors_2024.08.12,2026-02-24,2026-03-17,UTC,USD,trust review,exact,active,1.0,0,0,0.0,0,0.0,0.0,0.0,0.0,0.0,0.0,,,,,,Competitors
Judge.me Product Reviews App,Search_EN_Competitors_2024.08.12,2026-02-24,2026-03-17,UTC,USD,trust reviews google,exact,active,1.0,0,0,0.0,0,0.0,0.0,0.0,0.0,0.0,0.0,,,,,,Competitors
Judge.me Product Reviews App,Search_EN_Competitors_2024.08.12,2026-02-24,2026-03-17,UTC,USD,trust shop product review,exact,active,1.0,0,0,0.0,0,0.0,0.0,0.0,0.0,0.0,0.0,,,,,,Competitors
Judge.me Product Reviews App,Search_EN_Competitors_2024.08.12,2026-02-24,2026-03-17,UTC,USD,trust shop review,exact,active,1.0,0,0,0.0,0,0.0,0.0,0.0,0.0,0.0,0.0,,,,,,Competitors
Judge.me Product Reviews App,Search_EN_Competitors_2024.08.12,2026-02-24,2026-03-17,UTC,USD,trust shop reviews,exact,active,1.0,0,0,0.0,0,0.0,0.0,0.0,0.0,0.0,0.0,,,,,,Competitors
Judge.me Product Reviews App,Search_EN_Competitors_2024.08.12,2026-02-24,2026-03-17,UTC,USD,trust.ioo review,exact,active,1.0,0,0,0.0,0,0.0,0.0,0.0,0.0,0.0,0.0,,,,,,Competitors
Judge.me Product Reviews App,Search_EN_Competitors_2024.08.12,2026-02-24,2026-03-17,UTC,USD,trusted io reviews,exact,active,1.0,0,0,0.0,0,0.0,0.0,0.0,0.0,0.0,0.0,,,,,,Competitors
Judge.me Product Reviews App,Search_EN_Competitors_2024.08.12,2026-02-24,2026-03-17,UTC,USD,trusted review,exact,active,1.0,0,0,0.0,0,0.0,0.0,0.0,0.0,0.0,0.0,,,,,,Competitors
Judge.me Product Reviews App,Search_EN_Competitors_2024.08.12,2026-02-24,2026-03-17,UTC,USD,trusto io review,exact,active,1.0,0,0,0.0,0,0.0,0.0,0.0,0.0,0.0,0.0,,,,,,Competitors
Judge.me Product Reviews App,Search_EN_Competitors_2024.08.12,2026-02-24,2026-03-17,UTC,USD,trusto product and ali reviews,exact,active,1.0,0,0,0.0,0,0.0,0.0,0.0,0.0,0.0,0.0,,,,,,Competitors
Judge.me Product Reviews App,Search_EN_Competitors_2024.08.12,2026-02-24,2026-03-17,UTC,USD,trusto product e ali reviews,exact,active,1.0,0,0,0.0,0,0.0,0.0,0.0,0.0,0.0,0.0,,,,,,Competitors
Judge.me Product Reviews App,Search_EN_Competitors_2024.08.12,2026-02-24,2026-03-17,UTC,USD,trusto product review,exact,active,1.0,0,0,0.0,0,0.0,0.0,0.0,0.0,0.0,0.0,,,,,,Competitors
Judge.me Product Reviews App,Search_EN_Competitors_2024.08.12,2026-02-24,2026-03-17,UTC,USD,trusto productn reviews,exact,active,1.0,0,0,0.0,0,0.0,0.0,0.0,0.0,0.0,0.0,,,,,,Competitors
Judge.me Product Reviews App,Search_EN_Competitors_2024.08.12,2026-02-24,2026-03-17,UTC,USD,trusto products review,exact,active,1.0,0,0,0.0,0,0.0,0.0,0.0,0.0,0.0,0.0,,,,,,Competitors
Judge.me Product Reviews App,Search_EN_Competitors_2024.08.12,2026-02-24,2026-03-17,UTC,USD,trusto review,exact,active,1.0,0,0,0.0,0,0.0,0.0,0.0,0.0,0.0,0.0,,,,,,Competitors
Judge.me Product Reviews App,Search_EN_Competitors_2024.08.12,2026-02-24,2026-03-17,UTC,USD,trusto reviews,exact,active,1.0,0,0,0.0,0,0.0,0.0,0.0,0.0,0.0,0.0,,,,,,Competitors
Judge.me Product Reviews App,Search_EN_Competitors_2024.08.12,2026-02-24,2026-03-17,UTC,USD,trusto.io reviews,exact,active,1.0,0,0,0.0,0,0.0,0.0,0.0,0.0,0.0,0.0,,,,,,Competitors
Judge.me Product Reviews App,Search_EN_Competitors_2024.08.12,2026-02-24,2026-03-17,UTC,USD,trustoo ali reviews products,exact,active,1.0,0,0,0.0,0,0.0,0.0,0.0,0.0,0.0,0.0,,,,,,Competitors
Judge.me Product Reviews App,Search_EN_Competitors_2024.08.12,2026-02-24,2026-03-17,UTC,USD,trustoo ali reviews products reviews,exact,active,1.0,0,0,0.0,0,0.0,0.0,0.0,0.0,0.0,0.0,,,,,,Competitors
Judge.me Product Reviews App,Search_EN_Competitors_2024.08.12,2026-02-24,2026-03-17,UTC,USD,trustoo io product reviews,exact,active,1.0,0,0,0.0,0,0.0,0.0,0.0,0.0,0.0,0.0,,,,,,Competitors
Judge.me Product Reviews App,Search_EN_Competitors_2024.08.12,2026-02-24,2026-03-17,UTC,USD,trustoo product & ali review,exact,active,1.0,0,0,0.0,0,0.0,0.0,0.0,0.0,0.0,0.0,,,,,,Competitors
Judge.me Product Reviews App,Search_EN_Competitors_2024.08.12,2026-02-24,2026-03-17,UTC,USD,trustoo product & ali reviews,exact,active,1.0,0,0,0.0,0,0.0,0.0,0.0,0.0,0.0,0.0,,,,,,Competitors
Judge.me Product Reviews App,Search_EN_Competitors_2024.08.12,2026-02-24,2026-03-17,UTC,USD,trustoo product and ali reviews,exact,active,1.0,0,0,0.0,0,0.0,0.0,0.0,0.0,0.0,0.0,,,,,,Competitors
Judge.me Product Reviews App,Search_EN_Competitors_2024.08.12,2026-02-24,2026-03-17,UTC,USD,trustoo product review,exact,active,1.0,0,0,0.0,0,0.0,0.0,0.0,0.0,0.0,0.0,,,,,,Competitors
Judge.me Product Reviews App,Search_EN_Competitors_2024.08.12,2026-02-24,2026-03-17,UTC,USD,trustoo product review app,exact,active,1.0,0,0,0.0,0,0.0,0.0,0.0,0.0,0.0,0.0,,,,,,Competitors
Judge.me Product Reviews App,Search_EN_Competitors_2024.08.12,2026-02-24,2026-03-17,UTC,USD,trustoo product reviews,exact,active,1.0,0,0,0.0,0,0.0,0.0,0.0,0.0,0.0,0.0,,,,,,Competitors
Judge.me Product Reviews App,Search_EN_Competitors_2024.08.12,2026-02-24,2026-03-17,UTC,USD,trustoo product& ali reviews,exact,active,1.0,0,0,0.0,0,0.0,0.0,0.0,0.0,0.0,0.0,,,,,,Competitors
Judge.me Product Reviews App,Search_EN_Competitors_2024.08.12,2026-02-24,2026-03-17,UTC,USD,trustoo products & ali review,exact,active,1.0,0,0,0.0,0,0.0,0.0,0.0,0.0,0.0,0.0,,,,,,Competitors
Judge.me Product Reviews App,Search_EN_Competitors_2024.08.12,2026-02-24,2026-03-17,UTC,USD,trustoo produt reviews app,exact,active,1.0,0,0,0.0,0,0.0,0.0,0.0,0.0,0.0,0.0,,,,,,Competitors
Judge.me Product Reviews App,Search_EN_Competitors_2024.08.12,2026-02-24,2026-03-17,UTC,USD,trustoo to review,exact,active,1.0,0,0,0.0,0,0.0,0.0,0.0,0.0,0.0,0.0,,,,,,Competitors
Judge.me Product Reviews App,Search_EN_Competitors_2024.08.12,2026-02-24,2026-03-17,UTC,USD,trustoo.io product reviews,exact,active,1.0,0,0,0.0,0,0.0,0.0,0.0,0.0,0.0,0.0,,,,,,Competitors
Judge.me Product Reviews App,Search_EN_Competitors_2024.08.12,2026-02-24,2026-03-17,UTC,USD,trustreviews: product reviews,exact,active,1.0,0,0,0.0,0,0.0,0.0,0.0,0.0,0.0,0.0,,,,,,Competitors
Judge.me Product Reviews App,Search_EN_Competitors_2024.08.12,2026-02-24,2026-03-17,UTC,USD,trustro.io reviews,exact,active,1.0,0,0,0.0,0,0.0,0.0,0.0,0.0,0.0,0.0,,,,,,Competitors
Judge.me Product Reviews App,Search_EN_Competitors_2024.08.12,2026-02-24,2026-03-17,UTC,USD,trustshop - product reviews,exact,active,1.0,0,0,0.0,0,0.0,0.0,0.0,0.0,0.0,0.0,,,,,,Competitors
Judge.me Product Reviews App,Search_EN_Competitors_2024.08.12,2026-02-24,2026-03-17,UTC,USD,tydal reviews app,exact,active,1.0,0,0,0.0,0,0.0,0.0,0.0,0.0,0.0,0.0,,,,,,Competitors
Judge.me Product Reviews App,Search_EN_Competitors_2024.08.12,2026-02-24,2026-03-17,UTC,USD,yo product reviews,exact,active,1.0,0,0,0.0,0,0.0,0.0,0.0,0.0,0.0,0.0,,,,,,Competitors
Judge.me Product Reviews App,Search_EN_Competitors_2024.08.12,2026-02-24,2026-03-17,UTC,USD,yopto reviews,exact,active,1.0,0,0,0.0,0,0.0,0.0,0.0,0.0,0.0,0.0,,,,,,Competitors
Judge.me Product Reviews App,Search_EN_Competitors_2024.08.12,2026-02-24,2026-03-17,UTC,USD,yotpo product reviews,exact,active,1.0,0,0,0.0,0,0.0,0.0,0.0,0.0,0.0,0.0,,,,,,Competitors
Judge.me Product Reviews App,Search_EN_Competitors_2024.08.12,2026-02-24,2026-03-17,UTC,USD,yotpo product reviews & photos,exact,active,1.0,0,0,0.0,0,0.0,0.0,0.0,0.0,0.0,0.0,,,,,,Competitors
Judge.me Product Reviews App,Search_EN_Competitors_2024.08.12,2026-02-24,2026-03-17,UTC,USD,yotpo products review,exact,active,1.0,0,0,0.0,0,0.0,0.0,0.0,0.0,0.0,0.0,,,,,,Competitors
Judge.me Product Reviews App,Search_EN_Competitors_2024.08.12,2026-02-24,2026-03-17,UTC,USD,yotpo reviews widget,exact,active,1.0,0,0,0.0,0,0.0,0.0,0.0,0.0,0.0,0.0,,,,,,Competitors
Judge.me Product Reviews App,Search_EN_Competitors_2024.08.12,2026-02-24,2026-03-17,UTC,USD,trust pilot review,exact,active,1.0,0,0,0.0,0,0.0,0.0,0.0,0.0,0.0,0.0,,,,,,Competitors
Judge.me Product Reviews App,Search_EN_Competitors_2024.08.12,2026-02-24,2026-03-17,UTC,USD,trustpilot reviews,exact,active,1.0,0,0,0.0,0,0.0,0.0,0.0,0.0,0.0,0.0,,,,,,Competitors
Judge.me Product Reviews App,Search_EN_Competitors_2024.08.12,2026-02-24,2026-03-17,UTC,USD,reviews yotpo,exact,active,2.0,0,0,0.0,0,0.0,0.0,0.0,0.0,0.0,0.0,,,,,,Competitors
Judge.me Product Reviews App,Search_EN_Competitors_2024.08.12,2026-02-24,2026-03-17,UTC,USD,rivo product reviews,exact,active,2.0,0,0,0.0,0,0.0,0.0,0.0,0.0,0.0,0.0,,,,,,Competitors
Judge.me Product Reviews App,Search_EN_Competitors_2024.08.12,2026-02-24,2026-03-17,UTC,USD,rivyo reviews,exact,active,2.0,0,0,0.0,0,0.0,0.0,0.0,0.0,0.0,0.0,,,,,,Competitors
Judge.me Product Reviews App,Search_EN_Competitors_2024.08.12,2026-02-24,2026-03-17,UTC,USD,trutoo.io reviews,exact,active,2.0,0,0,0.0,0,0.0,0.0,0.0,0.0,0.0,0.0,,,,,,Competitors
Judge.me Product Reviews App,Search_EN_Competitors_2024.08.12,2026-02-24,2026-03-17,UTC,USD,tydal review,exact,active,2.0,0,0,0.0,0,0.0,0.0,0.0,0.0,0.0,0.0,,,,,,Competitors
Judge.me Product Reviews App,Search_EN_Competitors_2024.08.12,2026-02-24,2026-03-17,UTC,USD,vitals: reviews,exact,active,2.0,0,0,0.0,0,0.0,0.0,0.0,0.0,0.0,0.0,,,,,,Competitors
Judge.me Product Reviews App,Search_EN_Competitors_2024.08.12,2026-02-24,2026-03-17,UTC,USD,yepto reviews,exact,active,2.0,0,0,0.0,0,0.0,0.0,0.0,0.0,0.0,0.0,,,,,,Competitors
Judge.me Product Reviews App,Search_EN_Competitors_2024.08.12,2026-02-24,2026-03-17,UTC,USD,yotpo product & photo reviews,exact,active,2.0,0,0,0.0,0,0.0,0.0,0.0,0.0,0.0,0.0,,,,,,Competitors
Judge.me Product Reviews App,Search_EN_Competitors_2024.08.12,2026-02-24,2026-03-17,UTC,USD,yotpo review,exact,active,2.0,0,0,0.0,0,0.0,0.0,0.0,0.0,0.0,0.0,,,,,,Competitors
Judge.me Product Reviews App,Search_EN_ProductReview_2024.08.05,2026-02-24,2026-03-17,UTC,USD,reviews,exact,active,2.1,3726,709,0.190284,532,0.750352,2.1,2.798684,1488.9,2.045088,0.92182,2.0,30.23,0.020303,744.45,0.003759,ProductReview
Judge.me Product Reviews App,Search_EN_ProductReview_2024.08.05,2026-02-24,2026-03-17,UTC,USD,review,exact,active,2.0,2887,614,0.212677,468,0.762214,1.978013,2.595085,1214.5,1.839625,0.898537,1.0,15.22,0.012531,1214.5,0.002136,ProductReview
Judge.me Product Reviews App,Search_EN_ProductReview_2024.08.05,2026-02-24,2026-03-17,UTC,USD,google reviews,exact,active,5.0,1058,82,0.077504,45,0.54878,5.0,9.111111,410.0,1.490548,0.892074,,,,,,ProductReview
Judge.me Product Reviews App,Search_EN_ProductReview_2024.08.05,2026-02-24,2026-03-17,UTC,USD,review widget,broad,active,4.0,979,149,0.152196,111,0.744966,4.0,5.369369,596.0,1.953013,0.585526,,,,,,ProductReview
Judge.me Product Reviews App,Search_EN_ProductReview_2024.08.05,2026-02-24,2026-03-17,UTC,USD,product reviews,exact,active,3.0,703,132,0.187766,109,0.825757,3.0,3.633027,396.0,1.66145,0.872208,,,,,,ProductReview
Judge.me Product Reviews App,Search_EN_ProductReview_2024.08.05,2026-02-24,2026-03-17,UTC,USD,shopify product reviews,exact,active,2.0,408,139,0.340686,121,0.870503,1.94964,2.239669,271.0,1.745098,0.900662,,,,,,ProductReview
Judge.me Product Reviews App,Search_EN_ProductReview_2024.08.05,2026-02-24,2026-03-17,UTC,USD,google review,exact,active,5.0,370,31,0.083783,18,0.580645,5.0,8.611111,155.0,1.067567,0.891566,1.0,15.23,0.098258,155.0,0.055555,ProductReview
Judge.me Product Reviews App,Search_EN_ProductReview_2024.08.05,2026-02-24,2026-03-17,UTC,USD,product review,exact,active,2.5,370,55,0.148648,39,0.70909,2.5,3.525641,137.5,1.889189,0.874704,,,,,,ProductReview
Judge.me Product Reviews App,Search_EN_ProductReview_2024.08.05,2026-02-24,2026-03-17,UTC,USD,reviews free,exact,active,2.0,327,89,0.272171,71,0.797752,2.0,2.507042,178.0,1.978593,0.85602,,,,,,ProductReview
Judge.me Product Reviews App,Search_EN_ProductReview_2024.08.05,2026-02-24,2026-03-17,UTC,USD,reviews app,exact,active,3.0,230,49,0.213043,35,0.714285,2.836734,3.971428,139.0,2.004347,0.732484,,,,,,ProductReview
Judge.me Product Reviews App,Search_EN_ProductReview_2024.08.05,2026-02-24,2026-03-17,UTC,USD,review widget,exact,active,5.0,95,24,0.252631,18,0.75,5.0,6.666666,120.0,1.105263,0.879629,,,,,,ProductReview
Judge.me Product Reviews App,Search_EN_ProductReview_2024.08.05,2026-02-24,2026-03-17,UTC,USD,product review,broad,active,3.0,59,2,0.033898,1,0.5,3.0,6.0,6.0,3.152542,0.028338,,,,,,ProductReview
Judge.me Product Reviews App,Search_EN_ProductReview_2024.08.05,2026-02-24,2026-03-17,UTC,USD,customer reviews,exact,active,3.0,27,5,0.185185,4,0.8,3.0,3.75,15.0,3.666666,0.341772,,,,,,ProductReview
Judge.me Product Reviews App,Search_EN_ProductReview_2024.08.05,2026-02-24,2026-03-17,UTC,USD,video reviews,exact,active,5.0,8,0,0.0,0,0.0,0.0,0.0,0.0,1.375,0.296296,,,,,,ProductReview
Judge.me Product Reviews App,Search_EN_ProductReview_2024.08.05,2026-02-24,2026-03-17,UTC,USD,photo reviews,exact,active,5.0,7,0,0.0,0,0.0,0.0,0.0,0.0,1.571428,0.411764,,,,,,ProductReview
Judge.me Product Reviews App,Search_EN_ProductReview_2024.08.05,2026-02-24,2026-03-17,UTC,USD,store reviews,exact,active,8.0,3,1,0.333333,1,1.0,8.0,8.0,8.0,4.0,0.1875,,,,,,ProductReview
Judge.me Product Reviews App,Search_EN_ProductReview_2024.08.05,2026-02-24,2026-03-17,UTC,USD,ecommerce reviews,exact,active,3.0,0,0,0.0,0,0.0,0.0,0.0,0.0,0.0,0.0,,,,,,ProductReview
Judge.me Product Reviews App,Search_EN_ProductReview_2024.08.05,2026-02-24,2026-03-17,UTC,USD,shopify store reviews,exact,active,2.5,0,0,0.0,0,0.0,0.0,0.0,0.0,0.0,0.0,,,,,,ProductReview
Judge.me Product Reviews App,Search_EN_ProductReview_2024.08.05,2026-02-24,2026-03-17,UTC,USD,dropshipping reviews,exact,active,3.5,0,0,0.0,0,0.0,0.0,0.0,0.0,0.0,0.0,,,,,,ProductReview
Judge.me Product Reviews App,Search_EN_ProductReview_2024.08.05,2026-02-24,2026-03-17,UTC,USD,video review app,exact,active,4.0,0,0,0.0,0,0.0,0.0,0.0,0.0,0.0,0.0,,,,,,ProductReview
Judge.me Product Reviews App,Search_EN_ProductReview_2024.08.05,2026-02-24,2026-03-17,UTC,USD,photo review app,exact,active,4.0,0,0,0.0,0,0.0,0.0,0.0,0.0,0.0,0.0,,,,,,ProductReview
Judge.me Product Reviews App,Search_EN_ProductReview_2024.08.05,2026-02-24,2026-03-17,UTC,USD,reviews,broad,active,2.5,0,0,0.0,0,0.0,0.0,0.0,0.0,0.0,0.0,,,,,,ProductReview
Judge.me Product Reviews App,Search_EN_ProductReview_2024.08.05,2026-02-24,2026-03-17,UTC,USD,review,broad,active,1.0,0,0,0.0,0,0.0,0.0,0.0,0.0,0.0,0.0,,,,,,ProductReview
Judge.me Product Reviews App,Search_EN_ProductReview_2024.08.05,2026-02-24,2026-03-17,UTC,USD,product r,exact,active,5.0,0,0,0.0,0,0.0,0.0,0.0,0.0,0.0,0.0,,,,,,ProductReview
Judge.me Product Reviews App,Search_EN_ProductReview_2024.08.05,2026-02-24,2026-03-17,UTC,USD,product rev,exact,active,3.5,0,0,0.0,0,0.0,0.0,0.0,0.0,0.0,0.0,,,,,,ProductReview
