Country Code,Campaign,Impressions,Clicks,Installs,Spend,Customers,Revenue
AC,Features,0,0,0,0.0,0.0,0.0
AD,BR-PT-Generic,3,0,0,0.0,0.0,0.0
AD,BrandProtection,2,0,0,0.0,0.0,0.0
AD,Competitors,2,0,0,0.0,0.0,0.0
AD,DE-Generic,0,0,0,0.0,0.0,0.0
AD,ES-Generic,4,0,0,0.0,0.0,0.0
AD,Features,0,0,0,0.0,0.0,0.0
AD,ProductReview,2,2,1,6.1,0.0,0.0
AD,Review-variations,0,0,0,0.0,0.0,0.0
AE,BR-PT-Generic,4,0,0,0.0,0.0,0.0
AE,BrandProtection,174,12,10,2.4,0.0,0.0
AE,Competitors,343,15,10,45.0,0.0,0.0
AE,DE-Generic,196,1,1,2.79,0.0,0.0
AE,ES-Generic,126,3,2,9.120000000000001,0.0,0.0
AE,Features,381,20,14,94.2,0.0,0.0
AE,IT-Generic,5,1,1,2.0,0.0,0.0
AE,ProductReview,812,183,132,453.0,3.0,60.0
AE,Review-variations,307,13,6,41.82,0.0,0.0
AE,Trust,75,5,4,29.0,0.0,0.0
AF,Competitors,2,0,0,0.0,0.0,0.0
AF,DE-Generic,3,0,0,0.0,0.0,0.0
AF,ES-Generic,0,0,0,0.0,0.0,0.0
AF,Features,3,1,1,5.0,0.0,0.0
AF,ProductReview,4,0,0,0.0,0.0,0.0
AF,Review-variations,10,0,0,0.0,0.0,0.0
AF,Trust,5,0,0,0.0,0.0,0.0
AG,BrandProtection,1,0,0,0.0,0.0,0.0
AG,ES-Generic,1,0,0,0.0,0.0,0.0
AG,Features,1,0,0,0.0,0.0,0.0
AG,ProductReview,1,0,0,0.0,0.0,0.0
AG,Review-variations,0,0,0,0.0,0.0,0.0
AI,Review-variations,1,0,0,0.0,0.0,0.0
AL,BR-PT-Generic,0,0,0,0.0,0.0,0.0
AL,BrandProtection,3,0,0,0.0,0.0,0.0
AL,Competitors,2,0,0,0.0,0.0,0.0
AL,DE-Generic,5,0,0,0.0,0.0,0.0
AL,ES-Generic,7,0,0,0.0,0.0,0.0
AL,Features,14,2,2,10.0,0.0,0.0
AL,ProductReview,8,2,1,3.6,0.0,0.0
AL,Review-variations,8,0,0,0.0,0.0,0.0
AL,Trust,0,0,0,0.0,0.0,0.0
AM,BrandProtection,4,1,0,0.2,0.0,0.0
AM,Competitors,2,0,0,0.0,0.0,0.0
AM,DE-Generic,2,0,0,0.0,0.0,0.0
AM,ES-Generic,0,0,0,0.0,0.0,0.0
AM,Features,5,0,0,0.0,0.0,0.0
AM,ProductReview,5,0,0,0.0,0.0,0.0
AM,Review-variations,0,0,0,0.0,0.0,0.0
AM,Trust,1,0,0,0.0,0.0,0.0
AO,BR-PT-Generic,37,4,3,20.0,0.0,0.0
AO,BrandProtection,0,0,0,0.0,0.0,0.0
AO,Competitors,9,0,0,0.0,0.0,0.0
AO,DE-Generic,2,0,0,0.0,0.0,0.0
AO,ES-Generic,6,0,0,0.0,0.0,0.0
AO,Features,4,0,0,0.0,0.0,0.0
AO,ProductReview,21,1,1,2.1,0.0,0.0
AO,Review-variations,0,0,0,0.0,0.0,0.0
AO,Trust,0,0,0,0.0,0.0,0.0
AR,BR-PT-Generic,430,8,2,40.0,0.0,0.0
AR,BrandProtection,56,1,1,0.2,0.0,0.0
AR,Competitors,491,8,6,25.0,0.0,0.0
AR,DE-Generic,95,1,1,2.79,0.0,0.0
AR,ES-Generic,478,54,45,208.14,2.0,45.0
AR,Features,90,11,8,53.0,0.0,0.0
AR,IT-Generic,6,1,1,2.0,0.0,0.0
AR,ProductReview,138,29,20,73.8,1.0,15.0
AR,Review-variations,84,7,6,21.14,0.0,0.0
AR,Trust,88,0,0,0.0,0.0,0.0
AT,BR-PT-Generic,6,0,0,0.0,0.0,0.0
AT,BrandProtection,40,1,0,0.2,0.0,0.0
AT,Competitors,87,3,3,8.5,0.0,0.0
AT,DE-Generic,260,22,13,58.25,1.0,45.68
AT,ES-Generic,41,0,0,0.0,0.0,0.0
AT,Features,59,2,2,10.0,0.0,0.0
AT,ProductReview,185,28,22,69.9,2.0,60.89
AT,Review-variations,61,4,4,16.5,0.0,0.0
AT,Trust,25,2,1,10.0,0.0,0.0
AU,BR-PT-Generic,5,0,0,0.0,0.0,0.0
AU,BrandProtection,315,15,6,3.0,0.0,0.0
AU,Competitors,665,33,24,107.5,1.0,15.0
AU,DE-Generic,223,3,1,9.79,0.0,0.0
AU,ES-Generic,190,2,1,5.52,0.0,0.0
AU,Features,705,47,34,219.9,2.0,30.22
AU,IT-Generic,1,1,1,2.5,0.0,0.0
AU,ProductReview,2570,461,348,1240.0,10.0,257.95
AU,Review-variations,285,27,18,88.5,2.0,76.13
AU,Trust,171,5,3,30.0,0.0,0.0
AW,DE-Generic,1,0,0,0.0,0.0,0.0
AW,ES-Generic,0,0,0,0.0,0.0,0.0
AW,ProductReview,4,1,0,2.5,0.0,0.0
AW,Review-variations,0,0,0,0.0,0.0,0.0
AX,DE-Generic,0,0,0,0.0,0.0,0.0
AZ,BR-PT-Generic,1,0,0,0.0,0.0,0.0
AZ,BrandProtection,7,0,0,0.0,0.0,0.0
AZ,Competitors,7,0,0,0.0,0.0,0.0
AZ,DE-Generic,8,0,0,0.0,0.0,0.0
AZ,ES-Generic,10,0,0,0.0,0.0,0.0
AZ,Features,15,0,0,0.0,0.0,0.0
AZ,ProductReview,26,1,0,2.1,0.0,0.0
AZ,Review-variations,5,0,0,0.0,0.0,0.0
AZ,Trust,6,0,0,0.0,0.0,0.0
BA,BrandProtection,3,0,0,0.0,0.0,0.0
BA,Competitors,1,0,0,0.0,0.0,0.0
BA,DE-Generic,3,0,0,0.0,0.0,0.0
BA,ES-Generic,0,0,0,0.0,0.0,0.0
BA,Features,9,1,1,5.0,0.0,0.0
BA,ProductReview,27,8,6,20.1,0.0,0.0
BA,Review-variations,6,0,0,0.0,0.0,0.0
BA,Trust,2,0,0,0.0,0.0,0.0
BB,BrandProtection,0,0,0,0.0,0.0,0.0
BB,Competitors,2,1,0,3.0,0.0,0.0
BB,DE-Generic,1,0,0,0.0,0.0,0.0
BB,ES-Generic,1,0,0,0.0,0.0,0.0
BB,Features,0,0,0,0.0,0.0,0.0
BB,ProductReview,6,3,2,6.1,1.0,30.0
BB,Review-variations,1,0,0,0.0,0.0,0.0
BB,Trust,0,0,0,0.0,0.0,0.0
BD,BR-PT-Generic,1,0,0,0.0,0.0,0.0
BD,BrandProtection,9,1,1,0.3,0.0,0.0
BD,Competitors,65,3,1,11.0,0.0,0.0
BD,DE-Generic,70,2,1,5.0,0.0,0.0
BD,ES-Generic,28,0,0,0.0,0.0,0.0
BD,Features,102,8,7,40.0,0.0,0.0
BD,ProductReview,133,26,21,67.4,0.0,0.0
BD,Review-variations,108,4,2,14.5,0.0,0.0
BD,Trust,7,0,0,0.0,0.0,0.0
BE,BR-PT-Generic,45,1,0,5.0,0.0,0.0
BE,BrandProtection,98,3,2,0.6000000000000001,0.0,0.0
BE,Competitors,157,5,2,15.0,0.0,0.0
BE,DE-Generic,63,1,0,3.0,0.0,0.0
BE,ES-Generic,140,11,7,31.04,1.0,30.46
BE,Features,148,10,3,45.6,0.0,0.0
BE,ProductReview,285,48,33,123.4,0.0,0.0
BE,Review-variations,119,8,6,21.46,0.0,0.0
BE,Trust,38,9,3,38.0,1.0,15.22
BF,BR-PT-Generic,20,1,0,5.0,0.0,0.0
BF,BrandProtection,1,0,0,0.0,0.0,0.0
BF,Competitors,5,0,0,0.0,0.0,0.0
BF,DE-Generic,0,0,0,0.0,0.0,0.0
BF,ES-Generic,2,0,0,0.0,0.0,0.0
BF,Features,5,1,1,5.0,0.0,0.0
BF,ProductReview,1,0,0,0.0,0.0,0.0
BF,Review-variations,1,0,0,0.0,0.0,0.0
BF,Trust,4,0,0,0.0,0.0,0.0
BG,BR-PT-Generic,1,0,0,0.0,0.0,0.0
BG,BrandProtection,45,0,0,0.0,0.0,0.0
BG,Competitors,71,1,1,2.5,1.0,15.23
BG,DE-Generic,47,0,0,0.0,0.0,0.0
BG,ES-Generic,24,2,1,7.04,0.0,0.0
BG,Features,64,6,5,32.0,0.0,0.0
BG,ProductReview,226,51,33,113.8,0.0,0.0
BG,Review-variations,55,0,0,0.0,0.0,0.0
BG,Trust,35,4,2,26.0,0.0,0.0
BH,BrandProtection,4,0,0,0.0,0.0,0.0
BH,Competitors,4,0,0,0.0,0.0,0.0
BH,DE-Generic,4,0,0,0.0,0.0,0.0
BH,ES-Generic,9,0,0,0.0,0.0,0.0
BH,Features,9,2,1,10.0,0.0,0.0
BH,ProductReview,17,4,3,8.2,0.0,0.0
BH,Review-variations,3,1,0,2.5,0.0,0.0
BH,Trust,5,0,0,0.0,0.0,0.0
BI,DE-Generic,0,0,0,0.0,0.0,0.0
BJ,BR-PT-Generic,55,0,0,0.0,0.0,0.0
BJ,BrandProtection,5,2,2,0.5,0.0,0.0
BJ,Competitors,8,1,1,2.0,0.0,0.0
BJ,DE-Generic,1,0,0,0.0,0.0,0.0
BJ,ES-Generic,15,1,1,2.5,0.0,0.0
BJ,Features,14,2,2,10.0,0.0,0.0
BJ,ProductReview,2,1,1,2.5,0.0,0.0
BJ,Review-variations,1,0,0,0.0,0.0,0.0
BJ,Trust,3,0,0,0.0,0.0,0.0
BL,DE-Generic,0,0,0,0.0,0.0,0.0
BL,ES-Generic,0,0,0,0.0,0.0,0.0
BM,ES-Generic,0,0,0,0.0,0.0,0.0
BM,Features,0,0,0,0.0,0.0,0.0
BM,Review-variations,0,0,0,0.0,0.0,0.0
BM,Trust,0,0,0,0.0,0.0,0.0
BN,DE-Generic,3,0,0,0.0,0.0,0.0
BN,ES-Generic,0,0,0,0.0,0.0,0.0
BN,Review-variations,1,0,0,0.0,0.0,0.0
BN,Trust,1,0,0,0.0,0.0,0.0
BO,BR-PT-Generic,78,4,1,19.0,0.0,0.0
BO,Competitors,7,0,0,0.0,0.0,0.0
BO,DE-Generic,2,1,1,4.0,0.0,0.0
BO,ES-Generic,23,3,2,11.04,0.0,0.0
BO,Features,3,0,0,0.0,0.0,0.0
BO,ProductReview,2,1,0,1.0,0.0,0.0
BO,Review-variations,17,0,0,0.0,0.0,0.0
BO,Trust,3,0,0,0.0,0.0,0.0
BQ,Competitors,2,0,0,0.0,0.0,0.0
BQ,DE-Generic,0,0,0,0.0,0.0,0.0
BQ,Review-variations,0,0,0,0.0,0.0,0.0
BR,BR-PT-Generic,2300,119,54,586.0,1.0,30.0
BR,BrandProtection,96,5,4,1.1,0.0,0.0
BR,Competitors,367,11,6,31.0,0.0,0.0
BR,DE-Generic,176,0,0,0.0,0.0,0.0
BR,ES-Generic,341,4,2,14.02,0.0,0.0
BR,Features,769,29,18,140.7,0.0,0.0
BR,IT-Generic,0,0,0,0.0,0.0,0.0
BR,ProductReview,738,126,96,288.0,2.0,45.0
BR,Review-variations,206,17,8,64.64,0.0,0.0
BR,Trust,108,5,2,23.0,0.0,0.0
BS,DE-Generic,0,0,0,0.0,0.0,0.0
BS,ES-Generic,1,0,0,0.0,0.0,0.0
BS,Features,1,0,0,0.0,0.0,0.0
BS,ProductReview,2,0,0,0.0,0.0,0.0
BS,Review-variations,3,1,1,5.0,0.0,0.0
BS,Trust,4,0,0,0.0,0.0,0.0
BT,ES-Generic,0,0,0,0.0,0.0,0.0
BT,Trust,0,0,0,0.0,0.0,0.0
BW,BrandProtection,0,0,0,0.0,0.0,0.0
BW,Competitors,1,0,0,0.0,0.0,0.0
BW,DE-Generic,2,0,0,0.0,0.0,0.0
BW,ES-Generic,2,0,0,0.0,0.0,0.0
BW,Features,1,0,0,0.0,0.0,0.0
BW,Review-variations,1,0,0,0.0,0.0,0.0
BW,Trust,3,0,0,0.0,0.0,0.0
BY,DE-Generic,4,0,0,0.0,0.0,0.0
BY,ES-Generic,2,0,0,0.0,0.0,0.0
BY,Features,1,0,0,0.0,0.0,0.0
BY,ProductReview,3,0,0,0.0,0.0,0.0
BY,Review-variations,0,0,0,0.0,0.0,0.0
BY,Trust,0,0,0,0.0,0.0,0.0
BZ,DE-Generic,0,0,0,0.0,0.0,0.0
BZ,ES-Generic,0,0,0,0.0,0.0,0.0
BZ,Features,1,0,0,0.0,0.0,0.0
BZ,ProductReview,2,0,0,0.0,0.0,0.0
BZ,Review-variations,0,0,0,0.0,0.0,0.0
BZ,Trust,0,0,0,0.0,0.0,0.0
CA,BR-PT-Generic,61,2,0,10.0,0.0,0.0
CA,BrandProtection,297,15,10,3.0,0.0,0.0
CA,Competitors,567,24,19,77.5,1.0,15.23
CA,DE-Generic,203,3,1,8.58,0.0,0.0
CA,ES-Generic,293,7,3,20.06,0.0,0.0
CA,Features,571,44,34,199.3,2.0,60.0
CA,IT-Generic,1,0,0,0.0,0.0,0.0
CA,ProductReview,1567,230,174,560.1,3.0,60.67
CA,Review-variations,330,29,18,98.46,0.0,0.0
CA,Trust,125,5,4,24.0,1.0,30.46
CD,BR-PT-Generic,19,2,0,10.0,0.0,0.0
CD,Competitors,6,0,0,0.0,0.0,0.0
CD,DE-Generic,7,0,0,0.0,0.0,0.0
CD,ES-Generic,5,0,0,0.0,0.0,0.0
CD,Features,2,0,0,0.0,0.0,0.0
CD,ProductReview,2,0,0,0.0,0.0,0.0
CD,Review-variations,1,0,0,0.0,0.0,0.0
CF,BR-PT-Generic,0,0,0,0.0,0.0,0.0
CF,Competitors,1,0,0,0.0,0.0,0.0
CF,DE-Generic,0,0,0,0.0,0.0,0.0
CG,BR-PT-Generic,9,0,0,0.0,0.0,0.0
CG,BrandProtection,1,0,0,0.0,0.0,0.0
CG,Competitors,1,0,0,0.0,0.0,0.0
CG,DE-Generic,1,0,0,0.0,0.0,0.0
CG,ES-Generic,1,0,0,0.0,0.0,0.0
CG,Features,3,0,0,0.0,0.0,0.0
CG,ProductReview,3,1,1,2.1,0.0,0.0
CH,BR-PT-Generic,20,0,0,0.0,0.0,0.0
CH,BrandProtection,107,2,1,0.4,0.0,0.0
CH,Competitors,160,8,5,24.5,0.0,0.0
CH,DE-Generic,316,22,10,57.980000000000004,0.0,0.0
CH,ES-Generic,94,7,6,22.54,0.0,0.0
CH,Features,176,8,6,37.4,0.0,0.0
CH,IT-Generic,7,3,2,13.5,0.0,0.0
CH,ProductReview,294,40,32,111.8,1.0,45.67
CH,Review-variations,122,9,4,28.64,1.0,15.0
CH,Trust,39,3,0,14.0,0.0,0.0
CI,BR-PT-Generic,114,4,0,20.0,0.0,0.0
CI,BrandProtection,17,3,3,0.6000000000000001,0.0,0.0
CI,Competitors,44,2,1,6.5,0.0,0.0
CI,DE-Generic,16,0,0,0.0,0.0,0.0
CI,ES-Generic,25,2,2,5.0,0.0,0.0
CI,Features,26,2,1,10.0,0.0,0.0
CI,ProductReview,13,3,2,9.5,0.0,0.0
CI,Review-variations,10,0,0,0.0,0.0,0.0
CI,Trust,12,0,0,0.0,0.0,0.0
CL,BR-PT-Generic,460,13,7,60.0,0.0,0.0
CL,BrandProtection,83,2,0,0.4,0.0,0.0
CL,Competitors,386,5,3,14.5,0.0,0.0
CL,DE-Generic,103,0,0,0.0,0.0,0.0
CL,ES-Generic,668,78,65,293.94,0.0,0.0
CL,Features,161,8,5,40.0,0.0,0.0
CL,ProductReview,244,43,37,106.6,0.0,0.0
CL,Review-variations,135,8,5,20.5,0.0,0.0
CL,Trust,64,4,1,22.0,0.0,0.0
CM,BR-PT-Generic,46,3,0,15.0,0.0,0.0
CM,BrandProtection,6,0,0,0.0,0.0,0.0
CM,Competitors,25,1,1,2.5,0.0,0.0
CM,DE-Generic,8,0,0,0.0,0.0,0.0
CM,ES-Generic,11,0,0,0.0,0.0,0.0
CM,Features,11,1,1,5.0,0.0,0.0
CM,ProductReview,13,1,1,3.0,0.0,0.0
CM,Review-variations,2,0,0,0.0,0.0,0.0
CM,Trust,5,0,0,0.0,0.0,0.0
CN,BrandProtection,38,4,4,0.8,0.0,0.0
CN,Competitors,54,6,2,17.5,1.0,45.0
CN,DE-Generic,86,0,0,0.0,0.0,0.0
CN,ES-Generic,42,0,0,0.0,0.0,0.0
CN,Features,120,4,3,16.0,0.0,0.0
CN,ProductReview,262,37,28,87.3,1.0,30.0
CN,Review-variations,30,0,0,0.0,0.0,0.0
CN,Trust,32,0,0,0.0,0.0,0.0
CO,BR-PT-Generic,842,20,8,95.0,0.0,0.0
CO,BrandProtection,194,5,5,1.0,0.0,0.0
CO,Competitors,1213,20,14,53.0,0.0,0.0
CO,DE-Generic,147,2,1,5.58,0.0,0.0
CO,ES-Generic,1393,223,168,848.18,0.0,0.0
CO,Features,369,27,19,139.0,0.0,0.0
CO,IT-Generic,1,0,0,0.0,0.0,0.0
CO,ProductReview,412,83,63,208.2,1.0,15.0
CO,Review-variations,257,14,10,40.96,0.0,0.0
CO,Trust,131,6,6,29.0,0.0,0.0
CR,BR-PT-Generic,96,1,0,5.0,0.0,0.0
CR,BrandProtection,5,0,0,0.0,0.0,0.0
CR,Competitors,21,0,0,0.0,0.0,0.0
CR,DE-Generic,10,0,0,0.0,0.0,0.0
CR,ES-Generic,43,5,3,19.52,0.0,0.0
CR,Features,22,0,0,0.0,0.0,0.0
CR,ProductReview,19,4,3,10.5,0.0,0.0
CR,Review-variations,12,0,0,0.0,0.0,0.0
CR,Trust,15,0,0,0.0,0.0,0.0
CV,BR-PT-Generic,2,0,0,0.0,0.0,0.0
CV,ES-Generic,0,0,0,0.0,0.0,0.0
CW,DE-Generic,2,0,0,0.0,0.0,0.0
CW,ES-Generic,0,0,0,0.0,0.0,0.0
CW,Features,3,0,0,0.0,0.0,0.0
CW,ProductReview,4,1,1,1.5,0.0,0.0
CW,Review-variations,0,0,0,0.0,0.0,0.0
CW,Trust,0,0,0,0.0,0.0,0.0
CY,BrandProtection,13,0,0,0.0,0.0,0.0
CY,Competitors,23,1,1,2.5,0.0,0.0
CY,DE-Generic,28,0,0,0.0,0.0,0.0
CY,ES-Generic,6,0,0,0.0,0.0,0.0
CY,Features,25,1,1,3.2,0.0,0.0
CY,ProductReview,34,8,7,17.6,0.0,0.0
CY,Review-variations,14,0,0,0.0,0.0,0.0
CY,Trust,28,0,0,0.0,0.0,0.0
CZ,BR-PT-Generic,1,0,0,0.0,0.0,0.0
CZ,BrandProtection,35,2,2,0.4,0.0,0.0
CZ,Competitors,65,1,1,2.5,0.0,0.0
CZ,DE-Generic,61,0,0,0.0,0.0,0.0
CZ,ES-Generic,24,0,0,0.0,0.0,0.0
CZ,Features,62,3,1,15.5,0.0,0.0
CZ,ProductReview,130,15,10,39.5,0.0,0.0
CZ,Review-variations,45,3,1,12.0,0.0,0.0
CZ,Trust,23,0,0,0.0,0.0,0.0
DE,BR-PT-Generic,43,0,0,0.0,0.0,0.0
DE,BrandProtection,453,16,9,3.2,1.0,15.23
DE,Competitors,847,46,26,126.5,2.0,45.68
DE,DE-Generic,2448,274,151,750.69,6.0,166.79
DE,ES-Generic,364,4,2,13.06,0.0,0.0
DE,Features,762,22,6,104.3,0.0,0.0
DE,ProductReview,1567,209,147,551.5,6.0,121.78
DE,Review-variations,592,45,22,135.2,0.0,0.0
DE,Trust,165,8,3,39.0,0.0,0.0
DJ,BR-PT-Generic,7,0,0,0.0,0.0,0.0
DJ,BrandProtection,1,0,0,0.0,0.0,0.0
DJ,DE-Generic,0,0,0,0.0,0.0,0.0
DJ,ES-Generic,0,0,0,0.0,0.0,0.0
DJ,Features,1,0,0,0.0,0.0,0.0
DK,BR-PT-Generic,2,0,0,0.0,0.0,0.0
DK,BrandProtection,24,0,0,0.0,0.0,0.0
DK,Competitors,209,15,5,41.0,0.0,0.0
DK,DE-Generic,76,1,0,4.0,0.0,0.0
DK,ES-Generic,52,0,0,0.0,0.0,0.0
DK,Features,86,8,6,38.0,0.0,0.0
DK,IT-Generic,2,0,0,0.0,0.0,0.0
DK,ProductReview,177,26,21,70.2,1.0,30.0
DK,Review-variations,72,5,3,16.0,0.0,0.0
DK,Trust,18,3,2,14.0,0.0,0.0
DM,DE-Generic,0,0,0,0.0,0.0,0.0
DM,ES-Generic,2,0,0,0.0,0.0,0.0
DO,BR-PT-Generic,113,2,0,10.0,0.0,0.0
DO,BrandProtection,10,0,0,0.0,0.0,0.0
DO,Competitors,31,4,3,10.5,0.0,0.0
DO,DE-Generic,18,0,0,0.0,0.0,0.0
DO,ES-Generic,70,7,5,26.02,0.0,0.0
DO,Features,35,1,1,5.0,0.0,0.0
DO,IT-Generic,1,0,0,0.0,0.0,0.0
DO,ProductReview,29,8,6,22.5,0.0,0.0
DO,Review-variations,19,1,1,3.0,0.0,0.0
DO,Trust,14,0,0,0.0,0.0,0.0
DZ,BR-PT-Generic,46,2,0,10.0,0.0,0.0
DZ,BrandProtection,6,1,1,0.2,0.0,0.0
DZ,Competitors,13,2,2,6.0,0.0,0.0
DZ,DE-Generic,38,1,0,4.0,0.0,0.0
DZ,ES-Generic,45,0,0,0.0,0.0,0.0
DZ,Features,34,4,4,20.0,0.0,0.0
DZ,ProductReview,70,19,18,39.2,0.0,0.0
DZ,Review-variations,36,2,1,7.0,0.0,0.0
DZ,Trust,17,2,2,8.0,0.0,0.0
EC,BR-PT-Generic,93,0,0,0.0,0.0,0.0
EC,BrandProtection,22,1,0,0.2,0.0,0.0
EC,Competitors,343,2,1,5.5,0.0,0.0
EC,DE-Generic,23,0,0,0.0,0.0,0.0
EC,ES-Generic,143,23,18,90.56,1.0,15.0
EC,Features,87,3,2,13.0,0.0,0.0
EC,IT-Generic,1,0,0,0.0,0.0,0.0
EC,ProductReview,85,9,7,25.3,0.0,0.0
EC,Review-variations,40,1,0,2.5,0.0,0.0
EC,Trust,9,0,0,0.0,0.0,0.0
EE,BrandProtection,21,0,0,0.0,0.0,0.0
EE,Competitors,27,2,1,5.5,0.0,0.0
EE,DE-Generic,9,0,0,0.0,0.0,0.0
EE,ES-Generic,7,0,0,0.0,0.0,0.0
EE,Features,82,1,0,5.0,0.0,0.0
EE,ProductReview,128,27,24,59.7,0.0,0.0
EE,Review-variations,17,2,1,9.5,0.0,0.0
EE,Trust,8,1,1,7.0,0.0,0.0
EG,BR-PT-Generic,3,0,0,0.0,0.0,0.0
EG,BrandProtection,120,8,3,1.7000000000000002,0.0,0.0
EG,Competitors,128,8,6,24.5,0.0,0.0
EG,DE-Generic,148,0,0,0.0,0.0,0.0
EG,ES-Generic,65,0,0,0.0,0.0,0.0
EG,Features,196,19,9,91.9,0.0,0.0
EG,ProductReview,359,89,69,207.0,1.0,15.0
EG,Review-variations,206,16,12,67.82,0.0,0.0
EG,Trust,57,2,2,9.0,0.0,0.0
ES,BR-PT-Generic,542,17,5,78.0,0.0,0.0
ES,BrandProtection,263,15,12,3.0,2.0,30.44
ES,Competitors,886,28,20,81.0,1.0,15.22
ES,DE-Generic,229,5,1,12.780000000000001,0.0,0.0
ES,ES-Generic,1813,249,186,956.9,2.0,60.91
ES,Features,691,56,46,273.6,1.0,15.23
ES,IT-Generic,4,1,1,2.0,0.0,0.0
ES,ProductReview,1056,169,131,445.5,1.0,30.46
ES,Review-variations,392,22,14,67.28,0.0,0.0
ES,Trust,104,5,4,25.0,0.0,0.0
ET,BrandProtection,1,0,0,0.0,0.0,0.0
ET,DE-Generic,1,0,0,0.0,0.0,0.0
ET,ES-Generic,0,0,0,0.0,0.0,0.0
ET,Features,6,1,1,5.0,0.0,0.0
ET,ProductReview,3,0,0,0.0,0.0,0.0
ET,Review-variations,2,1,1,2.5,0.0,0.0
FI,BR-PT-Generic,1,0,0,0.0,0.0,0.0
FI,BrandProtection,29,0,0,0.0,0.0,0.0
FI,Competitors,41,1,0,2.5,0.0,0.0
FI,DE-Generic,28,0,0,0.0,0.0,0.0
FI,ES-Generic,16,0,0,0.0,0.0,0.0
FI,Features,30,5,4,23.0,0.0,0.0
FI,ProductReview,156,18,12,48.3,2.0,60.9
FI,Review-variations,51,2,1,8.0,0.0,0.0
FI,Trust,8,1,1,7.0,0.0,0.0
FJ,Competitors,8,0,0,0.0,0.0,0.0
FJ,DE-Generic,0,0,0,0.0,0.0,0.0
FJ,ES-Generic,0,0,0,0.0,0.0,0.0
FJ,Features,0,0,0,0.0,0.0,0.0
FJ,ProductReview,1,0,0,0.0,0.0,0.0
FJ,Review-variations,1,0,0,0.0,0.0,0.0
FK,Review-variations,0,0,0,0.0,0.0,0.0
FO,DE-Generic,0,0,0,0.0,0.0,0.0
FO,ES-Generic,0,0,0,0.0,0.0,0.0
FO,Features,1,0,0,0.0,0.0,0.0
FO,ProductReview,2,0,0,0.0,0.0,0.0
FO,Review-variations,1,0,0,0.0,0.0,0.0
FR,BR-PT-Generic,692,12,5,60.0,0.0,0.0
FR,BrandProtection,648,27,15,5.6,0.0,0.0
FR,Competitors,1432,76,54,204.0,4.0,76.13
FR,DE-Generic,181,2,2,4.79,0.0,0.0
FR,ES-Generic,663,16,9,46.54,0.0,0.0
FR,FR-Generic,3219,521,375,1728.61,12.0,304.49
FR,Features,860,71,55,352.0,0.0,0.0
FR,IT-Generic,9,0,0,0.0,0.0,0.0
FR,ProductReview,1326,197,145,532.9,6.0,152.02
FR,Review-variations,525,25,16,67.78,0.0,0.0
FR,Trust,110,6,4,34.0,0.0,0.0
GA,BR-PT-Generic,12,0,0,0.0,0.0,0.0
GA,Competitors,1,0,0,0.0,0.0,0.0
GA,DE-Generic,1,0,0,0.0,0.0,0.0
GA,ES-Generic,4,0,0,0.0,0.0,0.0
GA,Features,0,0,0,0.0,0.0,0.0
GA,ProductReview,1,0,0,0.0,0.0,0.0
GA,Review-variations,0,0,0,0.0,0.0,0.0
GB,BR-PT-Generic,20,0,0,0.0,0.0,0.0
GB,BrandProtection,588,30,20,6.0,2.0,75.44
GB,Competitors,1387,48,26,138.5,1.0,30.46
GB,DE-Generic,320,5,3,14.370000000000001,0.0,0.0
GB,ES-Generic,325,3,2,9.54,0.0,0.0
GB,Features,1181,79,58,364.5,1.0,30.45
GB,IT-Generic,1,0,0,0.0,0.0,0.0
GB,ProductReview,3260,542,393,1429.9,15.0,380.6
GB,Review-variations,771,53,33,187.1,0.0,0.0
GB,Trust,220,12,8,57.0,0.0,0.0
GD,DE-Generic,0,0,0,0.0,0.0,0.0
GD,ES-Generic,0,0,0,0.0,0.0,0.0
GD,ProductReview,1,0,0,0.0,0.0,0.0
GD,Review-variations,3,0,0,0.0,0.0,0.0
GE,BrandProtection,2,0,0,0.0,0.0,0.0
GE,Competitors,9,0,0,0.0,0.0,0.0
GE,DE-Generic,4,0,0,0.0,0.0,0.0
GE,ES-Generic,6,0,0,0.0,0.0,0.0
GE,Features,16,2,1,10.0,0.0,0.0
GE,ProductReview,26,7,4,22.0,0.0,0.0
GE,Review-variations,5,0,0,0.0,0.0,0.0
GE,Trust,0,0,0,0.0,0.0,0.0
GF,BR-PT-Generic,13,0,0,0.0,0.0,0.0
GF,BrandProtection,1,1,1,0.2,0.0,0.0
GF,Competitors,2,0,0,0.0,0.0,0.0
GF,DE-Generic,1,0,0,0.0,0.0,0.0
GF,ES-Generic,6,0,0,0.0,0.0,0.0
GF,Features,0,0,0,0.0,0.0,0.0
GF,Review-variations,0,0,0,0.0,0.0,0.0
GG,Competitors,1,0,0,0.0,0.0,0.0
GG,DE-Generic,5,0,0,0.0,0.0,0.0
GG,Features,0,0,0,0.0,0.0,0.0
GG,Review-variations,1,1,1,2.5,0.0,0.0
GH,BrandProtection,6,0,0,0.0,0.0,0.0
GH,Competitors,6,0,0,0.0,0.0,0.0
GH,DE-Generic,9,0,0,0.0,0.0,0.0
GH,ES-Generic,8,0,0,0.0,0.0,0.0
GH,Features,60,2,1,9.5,0.0,0.0
GH,ProductReview,21,5,3,16.3,0.0,0.0
GH,Review-variations,19,2,1,10.0,0.0,0.0
GI,BR-PT-Generic,0,0,0,0.0,0.0,0.0
GI,Competitors,1,0,0,0.0,0.0,0.0
GI,DE-Generic,1,0,0,0.0,0.0,0.0
GI,ES-Generic,0,0,0,0.0,0.0,0.0
GI,Features,0,0,0,0.0,0.0,0.0
GI,ProductReview,3,2,1,3.6,0.0,0.0
GI,Review-variations,0,0,0,0.0,0.0,0.0
GL,DE-Generic,0,0,0,0.0,0.0,0.0
GL,Review-variations,0,0,0,0.0,0.0,0.0
GM,BR-PT-Generic,1,0,0,0.0,0.0,0.0
GM,DE-Generic,0,0,0,0.0,0.0,0.0
GM,ES-Generic,0,0,0,0.0,0.0,0.0
GM,Features,0,0,0,0.0,0.0,0.0
GM,Review-variations,0,0,0,0.0,0.0,0.0
GN,BR-PT-Generic,13,1,1,5.0,0.0,0.0
GN,BrandProtection,1,0,0,0.0,0.0,0.0
GN,Competitors,8,0,0,0.0,0.0,0.0
GN,DE-Generic,2,0,0,0.0,0.0,0.0
GN,ES-Generic,6,0,0,0.0,0.0,0.0
GN,Features,3,0,0,0.0,0.0,0.0
GN,ProductReview,2,2,2,6.0,0.0,0.0
GN,Review-variations,6,1,0,2.5,0.0,0.0
GN,Trust,0,0,0,0.0,0.0,0.0
GP,BR-PT-Generic,5,0,0,0.0,0.0,0.0
GP,BrandProtection,1,0,0,0.0,0.0,0.0
GP,Competitors,5,1,1,2.5,0.0,0.0
GP,DE-Generic,2,0,0,0.0,0.0,0.0
GP,ES-Generic,7,0,0,0.0,0.0,0.0
GP,Features,5,0,0,0.0,0.0,0.0
GP,ProductReview,0,0,0,0.0,0.0,0.0
GP,Review-variations,1,0,0,0.0,0.0,0.0
GQ,BrandProtection,0,0,0,0.0,0.0,0.0
GQ,DE-Generic,0,0,0,0.0,0.0,0.0
GQ,ES-Generic,1,0,0,0.0,0.0,0.0
GR,BR-PT-Generic,0,0,0,0.0,0.0,0.0
GR,BrandProtection,29,2,1,0.4,1.0,30.46
GR,Competitors,44,2,1,5.0,0.0,0.0
GR,DE-Generic,32,0,0,0.0,0.0,0.0
GR,ES-Generic,23,0,0,0.0,0.0,0.0
GR,Features,59,1,0,5.0,0.0,0.0
GR,ProductReview,79,16,15,43.0,0.0,0.0
GR,Review-variations,15,0,0,0.0,0.0,0.0
GR,Trust,9,1,1,5.0,0.0,0.0
GT,BR-PT-Generic,62,0,0,0.0,0.0,0.0
GT,BrandProtection,14,0,0,0.0,0.0,0.0
GT,Competitors,48,0,0,0.0,0.0,0.0
GT,DE-Generic,17,0,0,0.0,0.0,0.0
GT,ES-Generic,100,8,4,32.0,0.0,0.0
GT,Features,26,1,1,5.0,0.0,0.0
GT,ProductReview,20,3,2,5.7,0.0,0.0
GT,Review-variations,20,1,0,2.82,0.0,0.0
GT,Trust,7,0,0,0.0,0.0,0.0
GW,ES-Generic,0,0,0,0.0,0.0,0.0
GY,DE-Generic,0,0,0,0.0,0.0,0.0
GY,ES-Generic,0,0,0,0.0,0.0,0.0
GY,Features,1,0,0,0.0,0.0,0.0
GY,ProductReview,2,0,0,0.0,0.0,0.0
HK,BR-PT-Generic,4,1,0,5.0,0.0,0.0
HK,BrandProtection,52,1,1,0.2,0.0,0.0
HK,Competitors,168,6,4,17.0,1.0,30.0
HK,DE-Generic,76,0,0,0.0,0.0,0.0
HK,ES-Generic,45,1,1,2.5,0.0,0.0
HK,Features,170,13,6,68.0,0.0,0.0
HK,ProductReview,403,65,39,144.6,2.0,30.0
HK,Review-variations,112,6,3,20.64,0.0,0.0
HK,Trust,44,3,2,13.0,0.0,0.0
HN,BR-PT-Generic,39,2,0,9.0,0.0,0.0
HN,BrandProtection,1,0,0,0.0,0.0,0.0
HN,Competitors,6,0,0,0.0,0.0,0.0
HN,DE-Generic,13,0,0,0.0,0.0,0.0
HN,ES-Generic,28,2,2,6.5,0.0,0.0
HN,Features,9,0,0,0.0,0.0,0.0
HN,ProductReview,9,1,1,2.1,0.0,0.0
HN,Review-variations,11,0,0,0.0,0.0,0.0
HN,Trust,13,2,1,8.0,0.0,0.0
HR,BrandProtection,12,0,0,0.0,0.0,0.0
HR,Competitors,14,0,0,0.0,0.0,0.0
HR,DE-Generic,16,1,1,2.0,0.0,0.0
HR,ES-Generic,9,0,0,0.0,0.0,0.0
HR,Features,25,0,0,0.0,0.0,0.0
HR,IT-Generic,0,0,0,0.0,0.0,0.0
HR,ProductReview,43,9,5,22.0,0.0,0.0
HR,Review-variations,27,2,1,9.0,0.0,0.0
HR,Trust,1,1,1,5.0,0.0,0.0
HT,BR-PT-Generic,1,0,0,0.0,0.0,0.0
HT,BrandProtection,3,0,0,0.0,0.0,0.0
HT,Competitors,1,0,0,0.0,0.0,0.0
HT,DE-Generic,2,0,0,0.0,0.0,0.0
HT,ES-Generic,0,0,0,0.0,0.0,0.0
HT,Features,0,0,0,0.0,0.0,0.0
HT,ProductReview,0,0,0,0.0,0.0,0.0
HT,Review-variations,0,0,0,0.0,0.0,0.0
HU,BR-PT-Generic,1,0,0,0.0,0.0,0.0
HU,BrandProtection,36,2,2,0.4,0.0,0.0
HU,Competitors,134,5,4,15.0,0.0,0.0
HU,DE-Generic,38,3,2,8.79,0.0,0.0
HU,ES-Generic,23,0,0,0.0,0.0,0.0
HU,Features,45,2,1,8.0,0.0,0.0
HU,ProductReview,153,45,32,120.6,1.0,30.44
HU,Review-variations,29,2,1,7.0,0.0,0.0
HU,Trust,14,3,3,13.0,0.0,0.0
ID,BR-PT-Generic,3,0,0,0.0,0.0,0.0
ID,BrandProtection,12,1,1,0.2,0.0,0.0
ID,Competitors,19,1,1,3.0,0.0,0.0
ID,DE-Generic,67,0,0,0.0,0.0,0.0
ID,ES-Generic,15,0,0,0.0,0.0,0.0
ID,Features,47,1,1,5.0,0.0,0.0
ID,ProductReview,92,12,8,24.6,0.0,0.0
ID,Review-variations,44,1,0,3.0,0.0,0.0
ID,Trust,13,2,1,10.0,0.0,0.0
IE,BR-PT-Generic,2,0,0,0.0,0.0,0.0
IE,BrandProtection,20,0,0,0.0,0.0,0.0
IE,Competitors,56,1,0,2.5,0.0,0.0
IE,DE-Generic,31,0,0,0.0,0.0,0.0
IE,ES-Generic,21,1,1,3.52,0.0,0.0
IE,Features,66,5,5,25.0,0.0,0.0
IE,ProductReview,132,18,13,49.4,0.0,0.0
IE,Review-variations,36,1,0,2.82,0.0,0.0
IE,Trust,19,2,1,9.0,0.0,0.0
IL,BR-PT-Generic,2,0,0,0.0,0.0,0.0
IL,BrandProtection,52,1,0,0.2,0.0,0.0
IL,Competitors,235,10,7,29.0,0.0,0.0
IL,DE-Generic,79,0,0,0.0,0.0,0.0
IL,ES-Generic,62,2,1,8.0,0.0,0.0
IL,Features,185,11,4,57.5,0.0,0.0
IL,ProductReview,398,50,32,126.8,3.0,45.0
IL,Review-variations,95,4,4,17.5,0.0,0.0
IL,Trust,30,1,1,5.0,0.0,0.0
IM,Competitors,2,0,0,0.0,0.0,0.0
IM,DE-Generic,5,0,0,0.0,0.0,0.0
IM,ES-Generic,0,0,0,0.0,0.0,0.0
IM,Features,1,0,0,0.0,0.0,0.0
IM,ProductReview,2,0,0,0.0,0.0,0.0
IM,Review-variations,0,0,0,0.0,0.0,0.0
IN,BR-PT-Generic,50,0,0,0.0,0.0,0.0
IN,BrandProtection,1610,102,78,20.900000000000002,0.0,0.0
IN,Competitors,2604,124,95,364.0,1.0,15.23
IN,DE-Generic,3915,34,19,93.69,0.0,0.0
IN,ES-Generic,901,6,4,20.1,0.0,0.0
IN,Features,5726,331,245,1576.8,0.0,0.0
IN,IT-Generic,7,0,0,0.0,0.0,0.0
IN,ProductReview,8853,1917,1472,4620.6,11.0,213.16
IN,Review-variations,3805,210,131,725.64,0.0,0.0
IN,Trust,757,28,18,152.0,0.0,0.0
IQ,BrandProtection,4,0,0,0.0,0.0,0.0
IQ,Competitors,4,0,0,0.0,0.0,0.0
IQ,DE-Generic,4,0,0,0.0,0.0,0.0
IQ,ES-Generic,4,0,0,0.0,0.0,0.0
IQ,Features,17,2,1,10.0,0.0,0.0
IQ,ProductReview,23,1,1,2.1,0.0,0.0
IQ,Review-variations,13,0,0,0.0,0.0,0.0
IQ,Trust,0,0,0,0.0,0.0,0.0
IS,BrandProtection,1,0,0,0.0,0.0,0.0
IS,Competitors,2,0,0,0.0,0.0,0.0
IS,DE-Generic,15,0,0,0.0,0.0,0.0
IS,ES-Generic,12,0,0,0.0,0.0,0.0
IS,Features,6,0,0,0.0,0.0,0.0
IS,ProductReview,21,3,2,6.5,0.0,0.0
IS,Review-variations,15,1,1,2.82,0.0,0.0
IS,Trust,3,0,0,0.0,0.0,0.0
IT,BR-PT-Generic,32,1,0,5.0,0.0,0.0
IT,BrandProtection,238,5,5,1.0,0.0,0.0
IT,Competitors,560,27,11,77.0,0.0,0.0
IT,DE-Generic,163,2,1,5.4,0.0,0.0
IT,ES-Generic,263,2,2,7.52,0.0,0.0
IT,Features,413,20,12,97.6,1.0,15.0
IT,IT-Generic,506,136,94,570.5,0.0,0.0
IT,ProductReview,751,93,67,258.9,3.0,76.11
IT,Review-variations,247,12,6,34.64,0.0,0.0
IT,Trust,76,4,3,20.0,0.0,0.0
JE,BrandProtection,1,0,0,0.0,0.0,0.0
JE,DE-Generic,0,0,0,0.0,0.0,0.0
JE,ES-Generic,0,0,0,0.0,0.0,0.0
JE,Features,1,0,0,0.0,0.0,0.0
JE,ProductReview,0,0,0,0.0,0.0,0.0
JE,Review-variations,0,0,0,0.0,0.0,0.0
JE,Trust,1,0,0,0.0,0.0,0.0
JM,BrandProtection,6,0,0,0.0,0.0,0.0
JM,Competitors,3,0,0,0.0,0.0,0.0
JM,DE-Generic,6,0,0,0.0,0.0,0.0
JM,ES-Generic,2,0,0,0.0,0.0,0.0
JM,Features,4,0,0,0.0,0.0,0.0
JM,ProductReview,25,2,2,4.5,0.0,0.0
JM,Review-variations,12,0,0,0.0,0.0,0.0
JM,Trust,1,0,0,0.0,0.0,0.0
JO,BR-PT-Generic,0,0,0,0.0,0.0,0.0
JO,BrandProtection,11,0,0,0.0,0.0,0.0
JO,Competitors,18,1,1,2.0,0.0,0.0
JO,DE-Generic,19,0,0,0.0,0.0,0.0
JO,ES-Generic,13,0,0,0.0,0.0,0.0
JO,Features,32,4,3,19.5,0.0,0.0
JO,ProductReview,43,8,6,21.2,0.0,0.0
JO,Review-variations,12,0,0,0.0,0.0,0.0
JO,Trust,6,0,0,0.0,0.0,0.0
JP,BR-PT-Generic,4,2,2,10.0,0.0,0.0
JP,BrandProtection,77,3,1,0.6000000000000001,0.0,0.0
JP,Competitors,83,5,3,13.0,0.0,0.0
JP,DE-Generic,153,0,0,0.0,0.0,0.0
JP,ES-Generic,123,0,0,0.0,0.0,0.0
JP,Features,237,8,3,38.0,1.0,30.46
JP,IT-Generic,1,0,0,0.0,0.0,0.0
JP,ProductReview,411,44,29,117.2,1.0,30.45
JP,Review-variations,79,3,2,14.0,0.0,0.0
JP,Trust,51,2,1,8.0,0.0,0.0
KE,BR-PT-Generic,1,0,0,0.0,0.0,0.0
KE,BrandProtection,14,0,0,0.0,0.0,0.0
KE,Competitors,6,0,0,0.0,0.0,0.0
KE,DE-Generic,62,1,1,2.0,0.0,0.0
KE,ES-Generic,16,0,0,0.0,0.0,0.0
KE,Features,24,0,0,0.0,0.0,0.0
KE,ProductReview,55,22,18,58.8,0.0,0.0
KE,Review-variations,26,2,1,7.0,0.0,0.0
KE,Trust,4,0,0,0.0,0.0,0.0
KG,Competitors,2,0,0,0.0,0.0,0.0
KG,DE-Generic,2,1,1,3.0,0.0,0.0
KG,ES-Generic,0,0,0,0.0,0.0,0.0
KG,Features,1,0,0,0.0,0.0,0.0
KG,ProductReview,7,1,1,2.0,0.0,0.0
KG,Review-variations,0,0,0,0.0,0.0,0.0
KH,BR-PT-Generic,0,0,0,0.0,0.0,0.0
KH,BrandProtection,4,1,0,0.2,0.0,0.0
KH,Competitors,6,1,1,3.0,0.0,0.0
KH,DE-Generic,12,0,0,0.0,0.0,0.0
KH,ES-Generic,10,0,0,0.0,0.0,0.0
KH,Features,2,0,0,0.0,0.0,0.0
KH,ProductReview,2,1,1,5.0,0.0,0.0
KH,Review-variations,12,0,0,0.0,0.0,0.0
KH,Trust,7,0,0,0.0,0.0,0.0
KI,DE-Generic,0,0,0,0.0,0.0,0.0
KI,ES-Generic,0,0,0,0.0,0.0,0.0
KI,Features,0,0,0,0.0,0.0,0.0
KM,BR-PT-Generic,5,1,0,5.0,0.0,0.0
KM,ES-Generic,0,0,0,0.0,0.0,0.0
KN,BrandProtection,0,0,0,0.0,0.0,0.0
KN,DE-Generic,4,0,0,0.0,0.0,0.0
KN,ES-Generic,0,0,0,0.0,0.0,0.0
KN,Review-variations,1,0,0,0.0,0.0,0.0
KR,BR-PT-Generic,3,0,0,0.0,0.0,0.0
KR,BrandProtection,9,0,0,0.0,0.0,0.0
KR,Competitors,41,0,0,0.0,0.0,0.0
KR,DE-Generic,25,0,0,0.0,0.0,0.0
KR,ES-Generic,24,0,0,0.0,0.0,0.0
KR,Features,78,3,2,13.0,0.0,0.0
KR,ProductReview,138,32,22,68.0,4.0,75.0
KR,Review-variations,19,0,0,0.0,0.0,0.0
KR,Trust,27,0,0,0.0,0.0,0.0
KW,BR-PT-Generic,1,0,0,0.0,0.0,0.0
KW,BrandProtection,4,0,0,0.0,0.0,0.0
KW,Competitors,14,1,1,2.0,0.0,0.0
KW,DE-Generic,26,0,0,0.0,0.0,0.0
KW,ES-Generic,16,0,0,0.0,0.0,0.0
KW,Features,21,0,0,0.0,0.0,0.0
KW,ProductReview,29,7,5,22.5,0.0,0.0
KW,Review-variations,43,0,0,0.0,0.0,0.0
KW,Trust,11,0,0,0.0,0.0,0.0
KY,DE-Generic,0,0,0,0.0,0.0,0.0
KY,ES-Generic,1,0,0,0.0,0.0,0.0
KY,Review-variations,0,0,0,0.0,0.0,0.0
KZ,BrandProtection,1,0,0,0.0,0.0,0.0
KZ,Competitors,1,0,0,0.0,0.0,0.0
KZ,DE-Generic,5,0,0,0.0,0.0,0.0
KZ,ES-Generic,1,0,0,0.0,0.0,0.0
KZ,Features,0,0,0,0.0,0.0,0.0
KZ,ProductReview,3,1,1,1.5,0.0,0.0
KZ,Review-variations,1,0,0,0.0,0.0,0.0
KZ,Trust,5,0,0,0.0,0.0,0.0
LA,DE-Generic,0,0,0,0.0,0.0,0.0
LA,ES-Generic,0,0,0,0.0,0.0,0.0
LA,Features,0,0,0,0.0,0.0,0.0
LA,Review-variations,0,0,0,0.0,0.0,0.0
LB,BR-PT-Generic,1,0,0,0.0,0.0,0.0
LB,BrandProtection,20,1,0,0.2,0.0,0.0
LB,Competitors,28,2,2,6.5,0.0,0.0
LB,DE-Generic,42,0,0,0.0,0.0,0.0
LB,ES-Generic,17,0,0,0.0,0.0,0.0
LB,Features,28,2,2,10.0,1.0,30.0
LB,ProductReview,82,28,24,70.1,0.0,0.0
LB,Review-variations,59,1,1,3.0,0.0,0.0
LB,Trust,9,1,0,7.0,0.0,0.0
LC,BrandProtection,1,0,0,0.0,0.0,0.0
LC,DE-Generic,1,0,0,0.0,0.0,0.0
LC,ES-Generic,3,0,0,0.0,0.0,0.0
LC,ProductReview,1,0,0,0.0,0.0,0.0
LC,Review-variations,1,0,0,0.0,0.0,0.0
LI,DE-Generic,1,0,0,0.0,0.0,0.0
LI,ES-Generic,0,0,0,0.0,0.0,0.0
LI,Review-variations,0,0,0,0.0,0.0,0.0
LI,Trust,1,0,0,0.0,0.0,0.0
LK,BrandProtection,5,1,0,0.2,0.0,0.0
LK,Competitors,8,0,0,0.0,0.0,0.0
LK,DE-Generic,16,0,0,0.0,0.0,0.0
LK,ES-Generic,13,0,0,0.0,0.0,0.0
LK,Features,18,1,1,5.0,0.0,0.0
LK,ProductReview,79,23,15,56.4,0.0,0.0
LK,Review-variations,34,1,0,4.5,0.0,0.0
LK,Trust,7,0,0,0.0,0.0,0.0
LR,DE-Generic,0,0,0,0.0,0.0,0.0
LR,ES-Generic,0,0,0,0.0,0.0,0.0
LR,Features,2,1,1,5.0,0.0,0.0
LR,Review-variations,1,0,0,0.0,0.0,0.0
LS,DE-Generic,3,0,0,0.0,0.0,0.0
LS,ES-Generic,0,0,0,0.0,0.0,0.0
LS,Features,1,0,0,0.0,0.0,0.0
LS,ProductReview,1,0,0,0.0,0.0,0.0
LS,Review-variations,0,0,0,0.0,0.0,0.0
LT,BrandProtection,43,2,0,0.6,0.0,0.0
LT,Competitors,60,6,3,19.0,0.0,0.0
LT,DE-Generic,40,1,1,4.0,0.0,0.0
LT,ES-Generic,16,0,0,0.0,0.0,0.0
LT,Features,117,6,2,28.2,0.0,0.0
LT,ProductReview,195,43,32,103.0,0.0,0.0
LT,Review-variations,51,7,3,20.0,0.0,0.0
LT,Trust,19,1,1,4.0,0.0,0.0
LU,BR-PT-Generic,3,0,0,0.0,0.0,0.0
LU,BrandProtection,3,1,1,0.2,0.0,0.0
LU,Competitors,8,0,0,0.0,0.0,0.0
LU,DE-Generic,10,0,0,0.0,0.0,0.0
LU,ES-Generic,5,0,0,0.0,0.0,0.0
LU,Features,11,3,3,15.0,0.0,0.0
LU,ProductReview,9,4,3,10.1,0.0,0.0
LU,Review-variations,2,0,0,0.0,0.0,0.0
LU,Trust,0,0,0,0.0,0.0,0.0
LV,BR-PT-Generic,1,0,0,0.0,0.0,0.0
LV,BrandProtection,13,1,0,0.2,0.0,0.0
LV,Competitors,14,1,1,3.0,0.0,0.0
LV,DE-Generic,20,0,0,0.0,0.0,0.0
LV,ES-Generic,13,1,0,3.5,0.0,0.0
LV,Features,35,6,6,29.0,0.0,0.0
LV,ProductReview,99,24,19,61.5,0.0,0.0
LV,Review-variations,35,3,1,8.32,0.0,0.0
LV,Trust,2,0,0,0.0,0.0,0.0
LY,BrandProtection,1,0,0,0.0,0.0,0.0
LY,Competitors,2,0,0,0.0,0.0,0.0
LY,DE-Generic,2,0,0,0.0,0.0,0.0
LY,ES-Generic,4,1,1,3.52,0.0,0.0
LY,Features,0,0,0,0.0,0.0,0.0
LY,ProductReview,1,0,0,0.0,0.0,0.0
LY,Review-variations,0,0,0,0.0,0.0,0.0
LY,Trust,1,0,0,0.0,0.0,0.0
MA,BR-PT-Generic,41,1,1,5.0,0.0,0.0
MA,BrandProtection,63,1,1,0.2,0.0,0.0
MA,Competitors,117,3,3,9.0,0.0,0.0
MA,DE-Generic,122,4,3,11.37,0.0,0.0
MA,ES-Generic,97,4,3,11.02,0.0,0.0
MA,Features,274,21,16,109.0,0.0,0.0
MA,ProductReview,325,79,65,178.7,0.0,0.0
MA,Review-variations,150,5,4,17.5,0.0,0.0
MA,Trust,92,5,5,26.0,0.0,0.0
MC,BR-PT-Generic,0,0,0,0.0,0.0,0.0
MC,DE-Generic,0,0,0,0.0,0.0,0.0
MC,ES-Generic,1,0,0,0.0,0.0,0.0
MC,Features,2,0,0,0.0,0.0,0.0
MC,ProductReview,0,0,0,0.0,0.0,0.0
MC,Review-variations,1,0,0,0.0,0.0,0.0
MD,BR-PT-Generic,1,0,0,0.0,0.0,0.0
MD,BrandProtection,2,0,0,0.0,0.0,0.0
MD,Competitors,11,1,0,3.0,0.0,0.0
MD,DE-Generic,5,0,0,0.0,0.0,0.0
MD,ES-Generic,2,0,0,0.0,0.0,0.0
MD,Features,2,0,0,0.0,0.0,0.0
MD,ProductReview,19,2,1,3.5,0.0,0.0
MD,Review-variations,13,2,1,7.0,0.0,0.0
MD,Trust,3,0,0,0.0,0.0,0.0
ME,BR-PT-Generic,1,0,0,0.0,0.0,0.0
ME,BrandProtection,0,0,0,0.0,0.0,0.0
ME,DE-Generic,1,0,0,0.0,0.0,0.0
ME,ES-Generic,0,0,0,0.0,0.0,0.0
ME,Features,2,0,0,0.0,0.0,0.0
ME,ProductReview,1,1,1,2.0,0.0,0.0
ME,Review-variations,0,0,0,0.0,0.0,0.0
ME,Trust,0,0,0,0.0,0.0,0.0
MF,BrandProtection,1,0,0,0.0,0.0,0.0
MF,DE-Generic,0,0,0,0.0,0.0,0.0
MF,ES-Generic,1,0,0,0.0,0.0,0.0
MF,Features,0,0,0,0.0,0.0,0.0
MF,Review-variations,2,0,0,0.0,0.0,0.0
MG,BR-PT-Generic,4,0,0,0.0,0.0,0.0
MG,Competitors,1,0,0,0.0,0.0,0.0
MG,DE-Generic,3,1,1,3.0,0.0,0.0
MG,ES-Generic,7,0,0,0.0,0.0,0.0
MG,Features,0,0,0,0.0,0.0,0.0
MG,ProductReview,3,2,2,6.0,0.0,0.0
MG,Review-variations,0,0,0,0.0,0.0,0.0
MG,Trust,1,0,0,0.0,0.0,0.0
MK,BrandProtection,1,0,0,0.0,0.0,0.0
MK,Competitors,4,0,0,0.0,0.0,0.0
MK,DE-Generic,2,0,0,0.0,0.0,0.0
MK,ES-Generic,0,0,0,0.0,0.0,0.0
MK,Features,2,0,0,0.0,0.0,0.0
MK,ProductReview,7,2,1,4.6,0.0,0.0
MK,Review-variations,2,1,1,3.0,0.0,0.0
MK,Trust,0,0,0,0.0,0.0,0.0
ML,BR-PT-Generic,17,1,0,5.0,0.0,0.0
ML,Competitors,1,0,0,0.0,0.0,0.0
ML,DE-Generic,1,0,0,0.0,0.0,0.0
ML,ES-Generic,4,0,0,0.0,0.0,0.0
ML,Review-variations,0,0,0,0.0,0.0,0.0
MM,DE-Generic,0,0,0,0.0,0.0,0.0
MM,ES-Generic,0,0,0,0.0,0.0,0.0
MM,Features,0,0,0,0.0,0.0,0.0
MM,ProductReview,1,0,0,0.0,0.0,0.0
MM,Review-variations,3,1,0,3.0,0.0,0.0
MM,Trust,1,1,0,4.0,0.0,0.0
MN,Competitors,14,0,0,0.0,0.0,0.0
MN,DE-Generic,1,0,0,0.0,0.0,0.0
MN,ES-Generic,6,0,0,0.0,0.0,0.0
MN,Features,7,0,0,0.0,0.0,0.0
MN,ProductReview,29,6,4,11.6,0.0,0.0
MN,Review-variations,3,0,0,0.0,0.0,0.0
MN,Trust,2,0,0,0.0,0.0,0.0
MO,Competitors,1,0,0,0.0,0.0,0.0
MO,DE-Generic,0,0,0,0.0,0.0,0.0
MO,ES-Generic,0,0,0,0.0,0.0,0.0
MO,ProductReview,1,1,1,3.0,0.0,0.0
MO,Review-variations,0,0,0,0.0,0.0,0.0
MQ,BR-PT-Generic,7,0,0,0.0,0.0,0.0
MQ,BrandProtection,1,0,0,0.0,0.0,0.0
MQ,Competitors,2,1,1,2.5,0.0,0.0
MQ,DE-Generic,0,0,0,0.0,0.0,0.0
MQ,ES-Generic,13,0,0,0.0,0.0,0.0
MQ,Features,4,0,0,0.0,0.0,0.0
MQ,ProductReview,9,3,1,8.0,0.0,0.0
MQ,Review-variations,1,0,0,0.0,0.0,0.0
MQ,Trust,0,0,0,0.0,0.0,0.0
MR,BR-PT-Generic,3,0,0,0.0,0.0,0.0
MR,BrandProtection,0,0,0,0.0,0.0,0.0
MR,DE-Generic,2,0,0,0.0,0.0,0.0
MR,ES-Generic,3,0,0,0.0,0.0,0.0
MR,Features,0,0,0,0.0,0.0,0.0
MR,ProductReview,1,0,0,0.0,0.0,0.0
MT,BR-PT-Generic,0,0,0,0.0,0.0,0.0
MT,BrandProtection,2,0,0,0.0,0.0,0.0
MT,Competitors,8,0,0,0.0,0.0,0.0
MT,DE-Generic,5,0,0,0.0,0.0,0.0
MT,ES-Generic,4,0,0,0.0,0.0,0.0
MT,Features,12,1,1,5.0,0.0,0.0
MT,ProductReview,30,10,10,25.5,1.0,30.45
MT,Review-variations,8,2,2,5.5,0.0,0.0
MT,Trust,0,0,0,0.0,0.0,0.0
MU,BrandProtection,3,0,0,0.0,0.0,0.0
MU,Competitors,1,0,0,0.0,0.0,0.0
MU,DE-Generic,13,0,0,0.0,0.0,0.0
MU,ES-Generic,7,0,0,0.0,0.0,0.0
MU,Features,2,0,0,0.0,0.0,0.0
MU,ProductReview,5,1,1,2.5,0.0,0.0
MU,Review-variations,5,0,0,0.0,0.0,0.0
MU,Trust,1,0,0,0.0,0.0,0.0
MV,BrandProtection,2,0,0,0.0,0.0,0.0
MV,DE-Generic,0,0,0,0.0,0.0,0.0
MV,ES-Generic,0,0,0,0.0,0.0,0.0
MV,Features,2,0,0,0.0,0.0,0.0
MV,ProductReview,6,1,1,2.1,0.0,0.0
MV,Review-variations,2,0,0,0.0,0.0,0.0
MV,Trust,3,0,0,0.0,0.0,0.0
MW,Competitors,1,0,0,0.0,0.0,0.0
MW,DE-Generic,0,0,0,0.0,0.0,0.0
MW,ES-Generic,0,0,0,0.0,0.0,0.0
MW,Features,0,0,0,0.0,0.0,0.0
MX,BR-PT-Generic,552,13,3,64.0,0.0,0.0
MX,BrandProtection,103,3,3,0.7,0.0,0.0
MX,Competitors,314,11,6,34.5,0.0,0.0
MX,DE-Generic,112,0,0,0.0,0.0,0.0
MX,ES-Generic,957,117,77,450.84,1.0,15.0
MX,Features,226,19,10,91.0,0.0,0.0
MX,ProductReview,355,56,37,128.0,1.0,30.0
MX,Review-variations,140,11,8,30.5,0.0,0.0
MX,Trust,81,6,5,34.0,0.0,0.0
MY,BR-PT-Generic,2,0,0,0.0,0.0,0.0
MY,BrandProtection,21,0,0,0.0,0.0,0.0
MY,Competitors,75,2,1,6.0,0.0,0.0
MY,DE-Generic,65,0,0,0.0,0.0,0.0
MY,ES-Generic,44,1,1,3.52,0.0,0.0
MY,Features,146,7,4,36.0,0.0,0.0
MY,ProductReview,230,42,33,90.1,2.0,75.0
MY,Review-variations,76,5,2,15.14,0.0,0.0
MY,Trust,33,1,1,5.0,0.0,0.0
MZ,BR-PT-Generic,20,2,1,10.0,0.0,0.0
MZ,BrandProtection,2,0,0,0.0,0.0,0.0
MZ,DE-Generic,5,0,0,0.0,0.0,0.0
MZ,ES-Generic,6,0,0,0.0,0.0,0.0
MZ,Features,7,2,2,10.0,0.0,0.0
MZ,ProductReview,3,1,1,5.0,0.0,0.0
MZ,Review-variations,5,0,0,0.0,0.0,0.0
NC,BR-PT-Generic,4,0,0,0.0,0.0,0.0
NC,BrandProtection,1,0,0,0.0,0.0,0.0
NC,Competitors,1,0,0,0.0,0.0,0.0
NC,DE-Generic,0,0,0,0.0,0.0,0.0
NC,ES-Generic,1,0,0,0.0,0.0,0.0
NC,Features,1,0,0,0.0,0.0,0.0
NC,ProductReview,2,1,1,2.5,0.0,0.0
NC,Review-variations,9,0,0,0.0,0.0,0.0
NE,BR-PT-Generic,3,0,0,0.0,0.0,0.0
NE,BrandProtection,1,0,0,0.0,0.0,0.0
NE,DE-Generic,0,0,0,0.0,0.0,0.0
NE,Review-variations,3,0,0,0.0,0.0,0.0
NF,DE-Generic,0,0,0,0.0,0.0,0.0
NF,ES-Generic,0,0,0,0.0,0.0,0.0
NF,Features,2,0,0,0.0,0.0,0.0
NG,BR-PT-Generic,2,0,0,0.0,0.0,0.0
NG,BrandProtection,26,0,0,0.0,0.0,0.0
NG,Competitors,42,1,1,3.0,0.0,0.0
NG,DE-Generic,100,0,0,0.0,0.0,0.0
NG,ES-Generic,95,4,2,14.08,0.0,0.0
NG,Features,58,2,1,11.0,0.0,0.0
NG,ProductReview,108,10,3,24.7,0.0,0.0
NG,Review-variations,80,2,1,5.5,0.0,0.0
NG,Trust,24,1,1,5.0,0.0,0.0
NI,BR-PT-Generic,19,2,0,10.0,0.0,0.0
NI,Competitors,1,0,0,0.0,0.0,0.0
NI,DE-Generic,1,0,0,0.0,0.0,0.0
NI,ES-Generic,7,0,0,0.0,0.0,0.0
NI,Features,2,0,0,0.0,0.0,0.0
NI,ProductReview,6,0,0,0.0,0.0,0.0
NI,Review-variations,0,0,0,0.0,0.0,0.0
NL,BR-PT-Generic,24,0,0,0.0,0.0,0.0
NL,BrandProtection,215,8,5,1.6,0.0,0.0
NL,Competitors,758,34,22,92.5,2.0,30.46
NL,DE-Generic,187,1,0,2.79,0.0,0.0
NL,ES-Generic,277,0,0,0.0,0.0,0.0
NL,Features,394,20,13,101.3,1.0,30.45
NL,IT-Generic,3,0,0,0.0,0.0,0.0
NL,ProductReview,1563,208,135,557.3,6.0,121.34
NL,Review-variations,542,18,6,51.32,0.0,0.0
NL,Trust,87,6,4,30.0,1.0,30.46
NO,BR-PT-Generic,0,0,0,0.0,0.0,0.0
NO,BrandProtection,34,1,1,0.2,0.0,0.0
NO,Competitors,99,6,5,18.0,0.0,0.0
NO,DE-Generic,35,1,0,3.0,0.0,0.0
NO,ES-Generic,52,0,0,0.0,0.0,0.0
NO,Features,45,2,0,9.0,0.0,0.0
NO,ProductReview,148,23,17,51.4,1.0,30.0
NO,Review-variations,43,5,4,17.5,0.0,0.0
NO,Trust,11,1,0,4.0,0.0,0.0
NP,BrandProtection,2,0,0,0.0,0.0,0.0
NP,Competitors,4,0,0,0.0,0.0,0.0
NP,DE-Generic,7,0,0,0.0,0.0,0.0
NP,ES-Generic,3,0,0,0.0,0.0,0.0
NP,Features,16,1,0,7.0,0.0,0.0
NP,ProductReview,105,2,1,3.6,0.0,0.0
NP,Review-variations,5,0,0,0.0,0.0,0.0
NP,Trust,0,0,0,0.0,0.0,0.0
NU,ES-Generic,0,0,0,0.0,0.0,0.0
NZ,BR-PT-Generic,0,0,0,0.0,0.0,0.0
NZ,BrandProtection,36,1,0,0.2,0.0,0.0
NZ,Competitors,92,4,2,13.5,0.0,0.0
NZ,DE-Generic,59,0,0,0.0,0.0,0.0
NZ,ES-Generic,56,0,0,0.0,0.0,0.0
NZ,Features,86,5,3,23.2,0.0,0.0
NZ,ProductReview,430,91,65,231.4,4.0,75.0
NZ,Review-variations,85,6,4,15.96,0.0,0.0
NZ,Trust,27,4,2,24.0,0.0,0.0
OM,BrandProtection,2,0,0,0.0,0.0,0.0
OM,Competitors,11,1,1,3.0,0.0,0.0
OM,DE-Generic,10,0,0,0.0,0.0,0.0
OM,ES-Generic,5,0,0,0.0,0.0,0.0
OM,Features,19,0,0,0.0,0.0,0.0
OM,ProductReview,13,2,1,5.1,0.0,0.0
OM,Review-variations,14,0,0,0.0,0.0,0.0
OM,Trust,1,0,0,0.0,0.0,0.0
PA,BR-PT-Generic,84,1,1,5.0,0.0,0.0
PA,BrandProtection,3,2,2,0.4,0.0,0.0
PA,Competitors,28,0,0,0.0,0.0,0.0
PA,DE-Generic,4,0,0,0.0,0.0,0.0
PA,ES-Generic,60,6,2,22.04,0.0,0.0
PA,Features,16,1,0,4.0,0.0,0.0
PA,ProductReview,22,3,2,6.1,0.0,0.0
PA,Review-variations,15,3,3,10.0,0.0,0.0
PA,Trust,2,0,0,0.0,0.0,0.0
PE,BR-PT-Generic,405,12,8,57.0,0.0,0.0
PE,BrandProtection,38,0,0,0.0,0.0,0.0
PE,Competitors,556,4,4,12.0,0.0,0.0
PE,DE-Generic,57,1,0,2.79,0.0,0.0
PE,ES-Generic,412,40,23,145.62,0.0,0.0
PE,Features,147,7,6,35.0,0.0,0.0
PE,IT-Generic,0,0,0,0.0,0.0,0.0
PE,ProductReview,134,24,17,54.9,0.0,0.0
PE,Review-variations,89,1,0,3.0,0.0,0.0
PE,Trust,35,0,0,0.0,0.0,0.0
PF,BR-PT-Generic,3,0,0,0.0,0.0,0.0
PF,BrandProtection,3,0,0,0.0,0.0,0.0
PF,Competitors,5,0,0,0.0,0.0,0.0
PF,DE-Generic,0,0,0,0.0,0.0,0.0
PF,ES-Generic,2,0,0,0.0,0.0,0.0
PF,Features,1,0,0,0.0,0.0,0.0
PF,ProductReview,3,1,1,1.5,0.0,0.0
PF,Review-variations,0,0,0,0.0,0.0,0.0
PG,DE-Generic,4,0,0,0.0,0.0,0.0
PG,ES-Generic,1,0,0,0.0,0.0,0.0
PG,Features,2,0,0,0.0,0.0,0.0
PG,ProductReview,0,0,0,0.0,0.0,0.0
PG,Review-variations,1,0,0,0.0,0.0,0.0
PH,BR-PT-Generic,3,0,0,0.0,0.0,0.0
PH,BrandProtection,40,0,0,0.0,0.0,0.0
PH,Competitors,59,2,2,5.5,0.0,0.0
PH,DE-Generic,101,0,0,0.0,0.0,0.0
PH,ES-Generic,52,0,0,0.0,0.0,0.0
PH,Features,178,3,2,15.0,0.0,0.0
PH,ProductReview,175,46,35,116.3,0.0,0.0
PH,Review-variations,116,4,4,14.0,1.0,15.0
PH,Trust,50,2,2,10.0,0.0,0.0
PK,BR-PT-Generic,12,1,0,5.0,0.0,0.0
PK,BrandProtection,1107,85,65,18.2,0.0,0.0
PK,Competitors,2661,83,65,229.5,0.0,0.0
PK,DE-Generic,905,9,5,27.0,0.0,0.0
PK,ES-Generic,334,3,2,7.48,0.0,0.0
PK,Features,1465,128,97,621.5,0.0,0.0
PK,IT-Generic,1,0,0,0.0,0.0,0.0
PK,ProductReview,2597,626,531,1490.3,1.0,15.0
PK,Review-variations,1186,47,38,163.14,0.0,0.0
PK,Trust,358,17,13,91.0,0.0,0.0
PL,BR-PT-Generic,7,0,0,0.0,0.0,0.0
PL,BrandProtection,110,2,2,0.4,0.0,0.0
PL,Competitors,163,8,7,21.0,0.0,0.0
PL,DE-Generic,85,3,1,10.79,0.0,0.0
PL,ES-Generic,99,7,5,33.519999999999996,0.0,0.0
PL,Features,164,11,7,53.5,0.0,0.0
PL,IT-Generic,1,0,0,0.0,0.0,0.0
PL,ProductReview,407,74,54,194.0,0.0,0.0
PL,Review-variations,109,6,4,20.32,0.0,0.0
PL,Trust,77,1,1,5.0,0.0,0.0
PM,BR-PT-Generic,1,0,0,0.0,0.0,0.0
PR,BR-PT-Generic,28,1,0,5.0,0.0,0.0
PR,DE-Generic,2,1,1,4.0,0.0,0.0
PR,ES-Generic,3,0,0,0.0,0.0,0.0
PR,Features,0,0,0,0.0,0.0,0.0
PR,Review-variations,6,0,0,0.0,0.0,0.0
PR,Trust,1,0,0,0.0,0.0,0.0
PS,BrandProtection,0,0,0,0.0,0.0,0.0
PS,DE-Generic,8,0,0,0.0,0.0,0.0
PS,ES-Generic,2,0,0,0.0,0.0,0.0
PS,Features,6,0,0,0.0,0.0,0.0
PS,ProductReview,1,0,0,0.0,0.0,0.0
PS,Review-variations,16,0,0,0.0,0.0,0.0
PS,Trust,1,0,0,0.0,0.0,0.0
PT,BR-PT-Generic,252,17,12,84.0,0.0,0.0
PT,BrandProtection,71,3,0,0.6000000000000001,0.0,0.0
PT,Competitors,192,16,10,47.5,0.0,0.0
PT,DE-Generic,79,1,1,3.0,0.0,0.0
PT,ES-Generic,98,3,3,8.5,0.0,0.0
PT,Features,187,7,4,37.5,0.0,0.0
PT,ProductReview,330,46,36,112.1,0.0,0.0
PT,Review-variations,177,12,10,46.28,0.0,0.0
PT,Trust,29,0,0,0.0,0.0,0.0
PY,BR-PT-Generic,42,1,1,5.0,0.0,0.0
PY,BrandProtection,4,0,0,0.0,0.0,0.0
PY,Competitors,48,1,1,2.5,0.0,0.0
PY,DE-Generic,7,0,0,0.0,0.0,0.0
PY,ES-Generic,35,4,3,14.56,0.0,0.0
PY,Features,9,1,1,5.0,0.0,0.0
PY,ProductReview,26,3,3,5.6,0.0,0.0
PY,Review-variations,12,1,1,5.0,0.0,0.0
PY,Trust,13,0,0,0.0,0.0,0.0
QA,BR-PT-Generic,0,0,0,0.0,0.0,0.0
QA,BrandProtection,14,1,1,0.2,0.0,0.0
QA,Competitors,13,1,1,2.5,0.0,0.0
QA,DE-Generic,22,0,0,0.0,0.0,0.0
QA,ES-Generic,7,0,0,0.0,0.0,0.0
QA,Features,29,0,0,0.0,0.0,0.0
QA,ProductReview,41,10,8,27.9,0.0,0.0
QA,Review-variations,21,1,0,5.0,0.0,0.0
QA,Trust,5,0,0,0.0,0.0,0.0
RE,BR-PT-Generic,11,0,0,0.0,0.0,0.0
RE,BrandProtection,8,1,1,0.2,0.0,0.0
RE,Competitors,4,0,0,0.0,0.0,0.0
RE,DE-Generic,3,0,0,0.0,0.0,0.0
RE,ES-Generic,16,1,1,2.5,0.0,0.0
RE,Features,5,0,0,0.0,0.0,0.0
RE,ProductReview,10,3,2,6.1,0.0,0.0
RE,Review-variations,5,0,0,0.0,0.0,0.0
RE,Trust,2,0,0,0.0,0.0,0.0
RO,BR-PT-Generic,34,0,0,0.0,0.0,0.0
RO,BrandProtection,61,1,1,0.2,0.0,0.0
RO,Competitors,100,4,3,10.0,0.0,0.0
RO,DE-Generic,66,2,1,7.0,0.0,0.0
RO,ES-Generic,53,1,1,2.5,0.0,0.0
RO,Features,145,10,6,51.0,0.0,0.0
RO,IT-Generic,1,1,0,2.0,0.0,0.0
RO,ProductReview,392,86,60,203.5,3.0,60.9
RO,Review-variations,69,11,7,37.64,0.0,0.0
RO,Trust,44,2,1,10.0,0.0,0.0
RS,BR-PT-Generic,0,0,0,0.0,0.0,0.0
RS,BrandProtection,5,0,0,0.0,0.0,0.0
RS,Competitors,10,0,0,0.0,0.0,0.0
RS,DE-Generic,14,0,0,0.0,0.0,0.0
RS,ES-Generic,14,0,0,0.0,0.0,0.0
RS,Features,33,4,2,21.0,1.0,15.22
RS,ProductReview,48,12,9,25.3,0.0,0.0
RS,Review-variations,46,2,2,7.5,0.0,0.0
RS,Trust,7,0,0,0.0,0.0,0.0
RU,DE-Generic,0,0,0,0.0,0.0,0.0
RU,ES-Generic,2,0,0,0.0,0.0,0.0
RU,Features,2,0,0,0.0,0.0,0.0
RU,Review-variations,0,0,0,0.0,0.0,0.0
RU,Trust,0,0,0,0.0,0.0,0.0
RW,Competitors,3,0,0,0.0,0.0,0.0
RW,DE-Generic,1,0,0,0.0,0.0,0.0
RW,ES-Generic,2,0,0,0.0,0.0,0.0
RW,Features,4,0,0,0.0,0.0,0.0
RW,ProductReview,6,1,1,2.0,0.0,0.0
RW,Review-variations,3,0,0,0.0,0.0,0.0
RW,Trust,1,0,0,0.0,0.0,0.0
SA,BR-PT-Generic,0,0,0,0.0,0.0,0.0
SA,BrandProtection,50,4,3,0.7999999999999999,0.0,0.0
SA,Competitors,114,3,3,8.5,0.0,0.0
SA,DE-Generic,43,1,0,2.0,0.0,0.0
SA,ES-Generic,40,2,1,7.04,0.0,0.0
SA,Features,133,4,1,22.0,0.0,0.0
SA,ProductReview,152,33,25,75.7,1.0,45.0
SA,Review-variations,57,9,5,31.14,0.0,0.0
SA,Trust,17,2,1,10.0,0.0,0.0
SB,Features,0,0,0,0.0,0.0,0.0
SC,DE-Generic,1,0,0,0.0,0.0,0.0
SC,ES-Generic,0,0,0,0.0,0.0,0.0
SC,Features,0,0,0,0.0,0.0,0.0
SC,ProductReview,2,0,0,0.0,0.0,0.0
SC,Review-variations,0,0,0,0.0,0.0,0.0
SD,BrandProtection,1,0,0,0.0,0.0,0.0
SD,Competitors,1,0,0,0.0,0.0,0.0
SD,ProductReview,2,0,0,0.0,0.0,0.0
SE,BR-PT-Generic,2,0,0,0.0,0.0,0.0
SE,BrandProtection,84,1,0,0.2,0.0,0.0
SE,Competitors,316,15,10,44.5,2.0,60.44
SE,DE-Generic,99,0,0,0.0,0.0,0.0
SE,ES-Generic,82,0,0,0.0,0.0,0.0
SE,Features,131,9,7,44.0,1.0,30.44
SE,IT-Generic,40,11,7,33.0,1.0,15.23
SE,ProductReview,454,76,51,211.6,1.0,45.68
SE,Review-variations,105,8,4,23.14,0.0,0.0
SE,Trust,26,2,2,10.0,0.0,0.0
SG,BR-PT-Generic,1,0,0,0.0,0.0,0.0
SG,BrandProtection,40,1,1,0.2,0.0,0.0
SG,Competitors,70,6,2,17.5,0.0,0.0
SG,DE-Generic,66,0,0,0.0,0.0,0.0
SG,ES-Generic,39,0,0,0.0,0.0,0.0
SG,Features,151,7,5,36.6,0.0,0.0
SG,ProductReview,345,58,38,147.7,1.0,30.45
SG,Review-variations,68,5,2,15.32,0.0,0.0
SG,Trust,21,3,1,14.0,0.0,0.0
SI,BrandProtection,28,2,2,0.4,0.0,0.0
SI,Competitors,56,1,1,2.5,0.0,0.0
SI,DE-Generic,26,0,0,0.0,0.0,0.0
SI,ES-Generic,11,0,0,0.0,0.0,0.0
SI,Features,36,1,0,6.0,0.0,0.0
SI,ProductReview,94,22,18,51.3,0.0,0.0
SI,Review-variations,28,2,2,5.32,0.0,0.0
SI,Trust,21,0,0,0.0,0.0,0.0
SK,BR-PT-Generic,0,0,0,0.0,0.0,0.0
SK,BrandProtection,18,1,1,0.2,0.0,0.0
SK,Competitors,24,1,1,3.0,0.0,0.0
SK,DE-Generic,16,0,0,0.0,0.0,0.0
SK,ES-Generic,16,0,0,0.0,0.0,0.0
SK,Features,33,1,1,6.0,0.0,0.0
SK,ProductReview,88,21,19,50.1,3.0,60.910000000000004
SK,Review-variations,16,2,2,5.0,0.0,0.0
SK,Trust,6,1,1,5.0,0.0,0.0
SL,DE-Generic,0,0,0,0.0,0.0,0.0
SL,ES-Generic,0,0,0,0.0,0.0,0.0
SL,Features,2,0,0,0.0,0.0,0.0
SL,Review-variations,4,1,0,4.5,0.0,0.0
SM,DE-Generic,1,0,0,0.0,0.0,0.0
SM,ES-Generic,0,0,0,0.0,0.0,0.0
SM,Review-variations,0,0,0,0.0,0.0,0.0
SN,BR-PT-Generic,101,4,1,20.0,0.0,0.0
SN,BrandProtection,18,1,1,0.2,0.0,0.0
SN,Competitors,14,0,0,0.0,0.0,0.0
SN,DE-Generic,22,0,0,0.0,0.0,0.0
SN,ES-Generic,38,1,1,2.5,0.0,0.0
SN,Features,33,2,1,10.0,0.0,0.0
SN,ProductReview,15,6,5,17.2,0.0,0.0
SN,Review-variations,9,2,1,5.5,0.0,0.0
SN,Trust,10,1,0,5.0,0.0,0.0
SO,Competitors,1,0,0,0.0,0.0,0.0
SO,DE-Generic,4,0,0,0.0,0.0,0.0
SO,ES-Generic,1,0,0,0.0,0.0,0.0
SO,Features,4,0,0,0.0,0.0,0.0
SO,ProductReview,3,0,0,0.0,0.0,0.0
SO,Review-variations,1,0,0,0.0,0.0,0.0
SR,BR-PT-Generic,1,0,0,0.0,0.0,0.0
SR,DE-Generic,0,0,0,0.0,0.0,0.0
SR,ES-Generic,1,0,0,0.0,0.0,0.0
SR,Features,0,0,0,0.0,0.0,0.0
SR,Review-variations,0,0,0,0.0,0.0,0.0
SS,DE-Generic,0,0,0,0.0,0.0,0.0
SS,Review-variations,0,0,0,0.0,0.0,0.0
ST,DE-Generic,0,0,0,0.0,0.0,0.0
SV,BR-PT-Generic,14,0,0,0.0,0.0,0.0
SV,BrandProtection,1,0,0,0.0,0.0,0.0
SV,Competitors,11,0,0,0.0,0.0,0.0
SV,DE-Generic,5,0,0,0.0,0.0,0.0
SV,ES-Generic,6,1,1,4.0,0.0,0.0
SV,Features,6,0,0,0.0,0.0,0.0
SV,ProductReview,1,0,0,0.0,0.0,0.0
SV,Review-variations,0,0,0,0.0,0.0,0.0
SV,Trust,5,0,0,0.0,0.0,0.0
SX,DE-Generic,0,0,0,0.0,0.0,0.0
SX,ES-Generic,0,0,0,0.0,0.0,0.0
SZ,Competitors,3,1,1,3.0,0.0,0.0
SZ,DE-Generic,0,0,0,0.0,0.0,0.0
SZ,ES-Generic,0,0,0,0.0,0.0,0.0
TC,DE-Generic,0,0,0,0.0,0.0,0.0
TC,ES-Generic,0,0,0,0.0,0.0,0.0
TC,Features,2,0,0,0.0,0.0,0.0
TC,ProductReview,0,0,0,0.0,0.0,0.0
TC,Review-variations,0,0,0,0.0,0.0,0.0
TD,BR-PT-Generic,2,0,0,0.0,0.0,0.0
TD,DE-Generic,2,1,0,2.0,0.0,0.0
TD,ES-Generic,2,0,0,0.0,0.0,0.0
TD,Features,2,0,0,0.0,0.0,0.0
TD,Review-variations,0,0,0,0.0,0.0,0.0
TG,BR-PT-Generic,19,0,0,0.0,0.0,0.0
TG,BrandProtection,7,0,0,0.0,0.0,0.0
TG,Competitors,1,0,0,0.0,0.0,0.0
TG,DE-Generic,2,0,0,0.0,0.0,0.0
TG,ES-Generic,7,1,1,2.5,0.0,0.0
TG,Features,13,1,1,5.0,0.0,0.0
TG,ProductReview,8,1,1,1.0,0.0,0.0
TG,Review-variations,10,2,1,6.0,0.0,0.0
TG,Trust,1,0,0,0.0,0.0,0.0
TH,BR-PT-Generic,0,0,0,0.0,0.0,0.0
TH,BrandProtection,8,0,0,0.0,0.0,0.0
TH,Competitors,20,0,0,0.0,0.0,0.0
TH,DE-Generic,38,0,0,0.0,0.0,0.0
TH,ES-Generic,25,1,1,3.52,0.0,0.0
TH,Features,64,2,1,10.0,0.0,0.0
TH,ProductReview,109,16,12,37.7,1.0,15.0
TH,Review-variations,29,0,0,0.0,0.0,0.0
TH,Trust,15,1,0,5.0,0.0,0.0
TJ,ES-Generic,0,0,0,0.0,0.0,0.0
TJ,Review-variations,0,0,0,0.0,0.0,0.0
TJ,Trust,0,0,0,0.0,0.0,0.0
TL,DE-Generic,0,0,0,0.0,0.0,0.0
TL,ES-Generic,0,0,0,0.0,0.0,0.0
TL,Features,0,0,0,0.0,0.0,0.0
TL,Trust,3,0,0,0.0,0.0,0.0
TN,BR-PT-Generic,4,0,0,0.0,0.0,0.0
TN,BrandProtection,7,0,0,0.0,0.0,0.0
TN,Competitors,3,0,0,0.0,0.0,0.0
TN,DE-Generic,16,1,0,4.0,0.0,0.0
TN,ES-Generic,8,0,0,0.0,0.0,0.0
TN,Features,18,2,1,10.0,0.0,0.0
TN,ProductReview,20,8,6,16.0,0.0,0.0
TN,Review-variations,28,0,0,0.0,0.0,0.0
TN,Trust,1,0,0,0.0,0.0,0.0
TO,DE-Generic,0,0,0,0.0,0.0,0.0
TR,BR-PT-Generic,5,0,0,0.0,0.0,0.0
TR,BrandProtection,145,5,2,1.0,0.0,0.0
TR,Competitors,410,10,5,29.5,0.0,0.0
TR,DE-Generic,159,1,1,2.79,0.0,0.0
TR,ES-Generic,115,2,2,7.04,0.0,0.0
TR,Features,326,15,7,77.0,0.0,0.0
TR,IT-Generic,1,0,0,0.0,0.0,0.0
TR,ProductReview,550,92,64,242.6,2.0,45.0
TR,Review-variations,165,10,4,34.14,0.0,0.0
TR,Trust,170,34,18,144.0,0.0,0.0
TT,BrandProtection,1,0,0,0.0,0.0,0.0
TT,DE-Generic,2,0,0,0.0,0.0,0.0
TT,ES-Generic,4,0,0,0.0,0.0,0.0
TT,Features,2,0,0,0.0,0.0,0.0
TT,ProductReview,20,3,1,9.0,0.0,0.0
TT,Review-variations,1,0,0,0.0,0.0,0.0
TT,Trust,11,0,0,0.0,0.0,0.0
TW,BR-PT-Generic,0,0,0,0.0,0.0,0.0
TW,BrandProtection,5,0,0,0.0,0.0,0.0
TW,Competitors,19,0,0,0.0,0.0,0.0
TW,DE-Generic,35,0,0,0.0,0.0,0.0
TW,ES-Generic,14,0,0,0.0,0.0,0.0
TW,Features,62,1,1,4.0,0.0,0.0
TW,ProductReview,36,5,2,10.1,0.0,0.0
TW,Review-variations,15,0,0,0.0,0.0,0.0
TW,Trust,16,0,0,0.0,0.0,0.0
TZ,BR-PT-Generic,1,0,0,0.0,0.0,0.0
TZ,DE-Generic,1,0,0,0.0,0.0,0.0
TZ,ES-Generic,2,0,0,0.0,0.0,0.0
TZ,Features,6,0,0,0.0,0.0,0.0
TZ,ProductReview,19,3,2,7.5,0.0,0.0
TZ,Review-variations,5,0,0,0.0,0.0,0.0
TZ,Trust,2,0,0,0.0,0.0,0.0
UA,BR-PT-Generic,2,0,0,0.0,0.0,0.0
UA,BrandProtection,19,0,0,0.0,0.0,0.0
UA,Competitors,28,2,2,6.0,0.0,0.0
UA,DE-Generic,21,0,0,0.0,0.0,0.0
UA,ES-Generic,48,0,0,0.0,0.0,0.0
UA,Features,98,4,2,17.0,0.0,0.0
UA,ProductReview,143,24,15,65.5,1.0,45.0
UA,Review-variations,41,2,1,7.5,0.0,0.0
UA,Trust,27,3,2,15.0,0.0,0.0
UG,BR-PT-Generic,1,0,0,0.0,0.0,0.0
UG,BrandProtection,4,0,0,0.0,0.0,0.0
UG,Competitors,1,0,0,0.0,0.0,0.0
UG,DE-Generic,8,0,0,0.0,0.0,0.0
UG,ES-Generic,7,0,0,0.0,0.0,0.0
UG,Features,12,0,0,0.0,0.0,0.0
UG,ProductReview,13,1,1,2.1,0.0,0.0
UG,Review-variations,2,0,0,0.0,0.0,0.0
UG,Trust,3,0,0,0.0,0.0,0.0
UM,DE-Generic,0,0,0,0.0,0.0,0.0
US,BR-PT-Generic,484,11,6,54.0,0.0,0.0
US,BrandProtection,1551,43,35,8.6,2.0,60.0
US,Competitors,3437,142,77,450.0,7.0,150.0
US,DE-Generic,934,14,9,39.620000000000005,0.0,0.0
US,ES-Generic,928,37,29,133.78,2.0,30.0
US,Features,3774,254,166,1161.4,10.0,180.0
US,IT-Generic,15,2,2,4.0,0.0,0.0
US,ProductReview,9145,1339,1039,3232.0,54.0,1335.89
US,Review-variations,1943,133,87,463.48,0.0,0.0
US,Trust,688,29,18,143.0,2.0,75.0
UY,BR-PT-Generic,135,4,2,19.0,0.0,0.0
UY,BrandProtection,11,0,0,0.0,0.0,0.0
UY,Competitors,65,0,0,0.0,0.0,0.0
UY,DE-Generic,15,0,0,0.0,0.0,0.0
UY,ES-Generic,86,12,11,48.519999999999996,0.0,0.0
UY,Features,12,0,0,0.0,0.0,0.0
UY,ProductReview,41,7,7,18.2,0.0,0.0
UY,Review-variations,20,0,0,0.0,0.0,0.0
UY,Trust,5,0,0,0.0,0.0,0.0
UZ,BrandProtection,3,1,0,0.2,0.0,0.0
UZ,Competitors,2,0,0,0.0,0.0,0.0
UZ,DE-Generic,5,0,0,0.0,0.0,0.0
UZ,ES-Generic,1,0,0,0.0,0.0,0.0
UZ,Features,14,3,2,17.0,0.0,0.0
UZ,ProductReview,14,1,1,1.5,0.0,0.0
UZ,Review-variations,6,0,0,0.0,0.0,0.0
UZ,Trust,1,1,0,4.0,0.0,0.0
VC,Competitors,1,1,1,3.5,0.0,0.0
VC,DE-Generic,0,0,0,0.0,0.0,0.0
VC,ES-Generic,0,0,0,0.0,0.0,0.0
VC,Review-variations,3,0,0,0.0,0.0,0.0
VE,BR-PT-Generic,183,12,3,59.0,0.0,0.0
VE,BrandProtection,3,0,0,0.0,0.0,0.0
VE,Competitors,13,0,0,0.0,0.0,0.0
VE,DE-Generic,9,0,0,0.0,0.0,0.0
VE,ES-Generic,35,1,1,4.0,0.0,0.0
VE,Features,5,2,2,10.0,0.0,0.0
VE,ProductReview,5,1,1,1.5,0.0,0.0
VE,Review-variations,3,0,0,0.0,0.0,0.0
VE,Trust,1,0,0,0.0,0.0,0.0
VG,DE-Generic,0,0,0,0.0,0.0,0.0
VG,Features,1,0,0,0.0,0.0,0.0
VG,Review-variations,0,0,0,0.0,0.0,0.0
VI,DE-Generic,0,0,0,0.0,0.0,0.0
VN,BR-PT-Generic,0,0,0,0.0,0.0,0.0
VN,BrandProtection,51,2,0,0.4,0.0,0.0
VN,Competitors,90,3,2,10.0,0.0,0.0
VN,DE-Generic,69,0,0,0.0,0.0,0.0
VN,ES-Generic,33,0,0,0.0,0.0,0.0
VN,Features,378,8,8,38.0,0.0,0.0
VN,IT-Generic,6,0,0,0.0,0.0,0.0
VN,ProductReview,565,55,45,122.9,0.0,0.0
VN,Review-variations,136,1,0,4.5,0.0,0.0
VN,Trust,61,1,1,4.0,0.0,0.0
VU,DE-Generic,0,0,0,0.0,0.0,0.0
VU,Review-variations,0,0,0,0.0,0.0,0.0
WS,ES-Generic,0,0,0,0.0,0.0,0.0
XK,BrandProtection,2,0,0,0.0,0.0,0.0
XK,Competitors,5,0,0,0.0,0.0,0.0
XK,DE-Generic,9,0,0,0.0,0.0,0.0
XK,ES-Generic,2,0,0,0.0,0.0,0.0
XK,Features,7,0,0,0.0,0.0,0.0
XK,ProductReview,4,1,0,2.1,0.0,0.0
XK,Review-variations,0,0,0,0.0,0.0,0.0
XK,Trust,0,0,0,0.0,0.0,0.0
YE,Competitors,2,0,0,0.0,0.0,0.0
YE,DE-Generic,0,0,0,0.0,0.0,0.0
YE,ES-Generic,0,0,0,0.0,0.0,0.0
YE,Features,1,0,0,0.0,0.0,0.0
YE,Review-variations,8,0,0,0.0,0.0,0.0
YT,DE-Generic,0,0,0,0.0,0.0,0.0
YT,ES-Generic,1,0,0,0.0,0.0,0.0
YT,Features,1,0,0,0.0,0.0,0.0
ZA,BR-PT-Generic,8,0,0,0.0,0.0,0.0
ZA,BrandProtection,102,2,1,0.5,1.0,15.0
ZA,Competitors,133,3,3,9.0,0.0,0.0
ZA,DE-Generic,232,0,0,0.0,0.0,0.0
ZA,ES-Generic,141,0,0,0.0,0.0,0.0
ZA,Features,438,15,11,74.0,0.0,0.0
ZA,IT-Generic,1,0,0,0.0,0.0,0.0
ZA,ProductReview,703,118,99,293.3,0.0,0.0
ZA,Review-variations,283,14,10,48.1,0.0,0.0
ZA,Trust,78,1,1,5.0,0.0,0.0
ZM,BR-PT-Generic,0,0,0,0.0,0.0,0.0
ZM,BrandProtection,1,0,0,0.0,0.0,0.0
ZM,DE-Generic,8,0,0,0.0,0.0,0.0
ZM,ES-Generic,1,0,0,0.0,0.0,0.0
ZM,Features,1,0,0,0.0,0.0,0.0
ZM,ProductReview,5,1,1,3.0,0.0,0.0
ZM,Review-variations,2,0,0,0.0,0.0,0.0
ZM,Trust,1,0,0,0.0,0.0,0.0
ZW,Competitors,1,0,0,0.0,0.0,0.0
ZW,DE-Generic,4,0,0,0.0,0.0,0.0
ZW,ES-Generic,7,0,0,0.0,0.0,0.0
ZW,Features,5,0,0,0.0,0.0,0.0
ZW,ProductReview,1,1,1,2.0,0.0,0.0
ZW,Review-variations,1,0,0,0.0,0.0,0.0
